,ranking,,title,artist,rank_week,index
6293,94,,Rule The World,2 Chainz Featuring Ariana Grande,2019-03-16,Rule The World 2 Chainz Featuring Ariana Grande
6299,100,,Momma I Hit A Lick,2 Chainz Featuring Kendrick Lamar,2019-03-16,Momma I Hit A Lick 2 Chainz Featuring Kendrick Lamar
6274,75,,Whip,2 Chainz Featuring Travis Scott,2019-03-16,Whip 2 Chainz Featuring Travis Scott
1495,96,,Proud,2 Chainz Featuring YG & Offset,2018-04-14,Proud 2 Chainz Featuring YG & Offset
2552,53,,Bigger > You,"2 Chainz, Drake & Quavo",2018-06-30,"Bigger > You 2 Chainz, Drake & Quavo"
27,28,,Bank Account,21 Savage,2018-01-06,Bank Account 21 Savage
5236,37,,A Lot,21 Savage,2019-01-05,A Lot 21 Savage
5257,58,,Can't Leave Without It,21 Savage,2019-01-05,Can't Leave Without It 21 Savage
5266,67,,All My Friends,21 Savage,2019-01-05,All My Friends 21 Savage
5269,70,,Break Da Law,21 Savage,2019-01-05,Break Da Law 21 Savage
5272,73,,Monster,21 Savage,2019-01-05,Monster 21 Savage
5285,86,,1.5,21 Savage,2019-01-05,1.5 21 Savage
5287,88,,Out For The Night,21 Savage,2019-01-05,Out For The Night 21 Savage
5292,93,,Gun Smoke,21 Savage,2019-01-05,Gun Smoke 21 Savage
5294,95,,ASMR,21 Savage,2019-01-05,ASMR 21 Savage
960,61,,Want You Back,5 Seconds Of Summer,2018-03-10,Want You Back 5 Seconds Of Summer
2395,96,,Youngblood,5 Seconds Of Summer,2018-06-16,Youngblood 5 Seconds Of Summer
7447,48,,Easier,5 Seconds Of Summer,2019-06-08,Easier 5 Seconds Of Summer
14,15,,Gummo,6ix9ine,2018-01-06,Gummo 6ix9ine
66,67,,Kooda,6ix9ine,2018-01-06,Kooda 6ix9ine
959,60,,Billy,6ix9ine,2018-03-10,Billy 6ix9ine
1698,99,,Gotti,6ix9ine,2018-04-28,Gotti 6ix9ine
4870,71,,WAKA,6ix9ine Featuring A Boogie Wit da Hoodie,2018-12-08,WAKA 6ix9ine Featuring A Boogie Wit da Hoodie
3629,30,,BEBE,6ix9ine Featuring Anuel AA,2018-09-15,BEBE 6ix9ine Featuring Anuel AA
4124,25,,STOOPID,6ix9ine Featuring Bobby Shmurda,2018-10-20,STOOPID 6ix9ine Featuring Bobby Shmurda
2245,46,,TATI,6ix9ine Featuring DJ SPINKING,2018-06-09,TATI 6ix9ine Featuring DJ SPINKING
4861,62,,TIC TOC,6ix9ine Featuring Lil Baby,2018-12-08,TIC TOC 6ix9ine Featuring Lil Baby
4857,58,,MAMA,6ix9ine Featuring Nicki Minaj & Kanye West,2018-12-08,MAMA 6ix9ine Featuring Nicki Minaj & Kanye West
3003,4,,FEFE,6ix9ine Featuring Nicki Minaj & Murda Beatz,2018-08-04,FEFE 6ix9ine Featuring Nicki Minaj & Murda Beatz
4858,59,,KIKA,6ix9ine Featuring Tory Lanez,2018-12-08,KIKA 6ix9ine Featuring Tory Lanez
972,73,,RONDO,6ix9ine Featuring Tory Lanez & Young Thug,2018-03-10,RONDO 6ix9ine Featuring Tory Lanez & Young Thug
363,64,,KEKE,"6ix9ine, Fetty Wap & A Boogie Wit da Hoodie",2018-01-27,"KEKE 6ix9ine, Fetty Wap & A Boogie Wit da Hoodie"
3875,76,,Pretty Little Fears,6LACK Featuring J. Cole,2018-09-29,Pretty Little Fears 6LACK Featuring J. Cole
5094,95,,Look Back At It,A Boogie Wit da Hoodie,2018-12-22,Look Back At It A Boogie Wit da Hoodie
5256,57,,Swervin,A Boogie Wit da Hoodie Featuring 6ix9ine,2019-01-05,Swervin A Boogie Wit da Hoodie Featuring 6ix9ine
5293,94,,Demons And Angels,A Boogie Wit da Hoodie Featuring Juice WRLD,2019-01-05,Demons And Angels A Boogie Wit da Hoodie Featuring Juice WRLD
5264,65,,Startender,A Boogie Wit da Hoodie Featuring Offset & Tyga,2019-01-05,Startender A Boogie Wit da Hoodie Featuring Offset & Tyga
30,31,,Plain Jane,A$AP Ferg Featuring Nicki Minaj,2018-01-06,Plain Jane A$AP Ferg Featuring Nicki Minaj
1564,65,,A$AP Forever,A$AP Rocky Featuring Moby,2018-04-21,A$AP Forever A$AP Rocky Featuring Moby
2244,45,,Praise The Lord (Da Shine),A$AP Rocky Featuring Skepta,2018-06-09,Praise The Lord (Da Shine) A$AP Rocky Featuring Skepta
4799,100,,Burn The House Down,AJR,2018-12-01,Burn The House Down AJR
5578,79,,Let Me Down Slowly,Alec Benjamin Featuring Alessia Cara,2019-01-26,Let Me Down Slowly Alec Benjamin Featuring Alessia Cara
2798,99,,Growing Pains,Alessia Cara,2018-07-14,Growing Pains Alessia Cara
7796,97,,It's You,Ali Gatie,2019-06-29,It's You Ali Gatie
1399,100,,No Roots,Alice Merton,2018-04-07,No Roots Alice Merton
37,38,,It's The Most Wonderful Time Of The Year,Andy Williams,2018-01-06,It's The Most Wonderful Time Of The Year Andy Williams
5667,68,,Secreto,Anuel AA & Karol G,2019-02-02,Secreto Anuel AA & Karol G
4585,86,,Ella Quiere Beber,Anuel AA & Romeo Santos,2018-11-17,Ella Quiere Beber Anuel AA & Romeo Santos
1702,3,,No Tears Left To Cry,Ariana Grande,2018-05-05,No Tears Left To Cry Ariana Grande
2910,11,,God Is A Woman,Ariana Grande,2018-07-28,God Is A Woman Ariana Grande
3421,22,,Breathin,Ariana Grande,2018-09-01,Breathin Ariana Grande
3454,55,,Sweetener,Ariana Grande,2018-09-01,Sweetener Ariana Grande
3461,62,,Everytime,Ariana Grande,2018-09-01,Everytime Ariana Grande
3471,72,,R.E.M,Ariana Grande,2018-09-01,R.E.M Ariana Grande
3486,87,,Goodnight N Go,Ariana Grande,2018-09-01,Goodnight N Go Ariana Grande
3498,99,,Pete Davidson,Ariana Grande,2018-09-01,Pete Davidson Ariana Grande
4500,1,,"Thank U, Next",Ariana Grande,2018-11-17,"Thank U, Next Ariana Grande"
5123,24,,Imagine,Ariana Grande,2018-12-29,Imagine Ariana Grande
5600,1,,7 Rings,Ariana Grande,2019-02-02,7 Rings Ariana Grande
5901,2,,"Break Up With Your Girlfriend, I'm Bored",Ariana Grande,2019-02-23,"Break Up With Your Girlfriend, I'm Bored Ariana Grande"
5913,14,,Needy,Ariana Grande,2019-02-23,Needy Ariana Grande
5916,17,,NASA,Ariana Grande,2019-02-23,NASA Ariana Grande
5921,22,,Bloodline,Ariana Grande,2019-02-23,Bloodline Ariana Grande
5924,25,,Ghostin,Ariana Grande,2019-02-23,Ghostin Ariana Grande
5925,26,,Fake Smile,Ariana Grande,2019-02-23,Fake Smile Ariana Grande
5926,27,,Bad Idea,Ariana Grande,2019-02-23,Bad Idea Ariana Grande
5937,38,,In My Head,Ariana Grande,2019-02-23,In My Head Ariana Grande
5947,48,,Make Up,Ariana Grande,2019-02-23,Make Up Ariana Grande
6669,70,,Monopoly,Ariana Grande & Victoria Monet,2019-04-13,Monopoly Ariana Grande & Victoria Monet
2694,95,,The Light Is Coming,Ariana Grande Featuring Nicki Minaj,2018-07-07,The Light Is Coming Ariana Grande Featuring Nicki Minaj
5186,87,,Sweet But Psycho,Ava Max,2018-12-29,Sweet But Psycho Ava Max
6794,95,,Inmortal,Aventura,2019-04-20,Inmortal Aventura
1733,34,,Wake Me Up!,Avicii,2018-05-05,Wake Me Up! Avicii
7682,83,,Heaven,Avicii,2019-06-22,Heaven Avicii
6867,68,,SOS,Avicii Featuring Aloe Blacc,2019-04-27,SOS Avicii Featuring Aloe Blacc
3963,64,,Head Above Water,Avril Lavigne,2018-10-06,Head Above Water Avril Lavigne
2198,99,,Don't Go Breaking My Heart,Backstreet Boys,2018-06-02,Don't Go Breaking My Heart Backstreet Boys
5392,93,,Solo de Mi,Bad Bunny,2019-01-12,Solo de Mi Bad Bunny
7668,69,,Callaita,Bad Bunny & Tainy,2019-06-22,Callaita Bad Bunny & Tainy
4204,5,,MIA,Bad Bunny Featuring Drake,2018-10-27,MIA Bad Bunny Featuring Drake
1153,54,,Zombie,Bad Wolves,2018-03-24,Zombie Bad Wolves
455,56,,Mine,Bazzi,2018-02-03,Mine Bazzi
7197,98,,Paradise,Bazzi,2019-05-18,Paradise Bazzi
3259,60,,Beautiful,Bazzi Featuring Camila Cabello,2018-08-18,Beautiful Bazzi Featuring Camila Cabello
2991,92,,I'm A Mess,Bebe Rexha,2018-07-28,I'm A Mess Bebe Rexha
6597,98,,Last Hurrah,Bebe Rexha,2019-04-06,Last Hurrah Bebe Rexha
25,26,,Meant To Be,Bebe Rexha & Florida Georgia Line,2018-01-06,Meant To Be Bebe Rexha & Florida Georgia Line
2398,99,,Sin Pijama,Becky G + Natti Natasha,2018-06-16,Sin Pijama Becky G + Natti Natasha
90,91,,Mayores,Becky G Featuring Bad Bunny,2018-01-06,Mayores Becky G Featuring Bad Bunny
5394,95,,Roses,benny blanco & Juice WRLD Featuring Brendon Urie,2019-01-12,Roses benny blanco & Juice WRLD Featuring Brendon Urie
2955,56,,Eastside,"benny blanco, Halsey & Khalid",2018-07-28,"Eastside benny blanco, Halsey & Khalid"
6292,93,,I Can't Get Enough,"benny blanco, Tainy, Selena Gomez & J Balvin",2019-03-16,"I Can't Get Enough benny blanco, Tainy, Selena Gomez & J Balvin"
6974,75,,Before I Let Go,Beyonce,2019-05-04,Before I Let Go Beyonce
1979,80,,Gucci Flip Flops,Bhad Bhabie Featuring Lil Yachty,2018-05-19,Gucci Flip Flops Bhad Bhabie Featuring Lil Yachty
3092,93,,You Should See Me In A Crown,Billie Eilish,2018-08-04,You Should See Me In A Crown Billie Eilish
4364,65,,When The Party's Over,Billie Eilish,2018-11-03,When The Party's Over Billie Eilish
4796,97,,Ocean Eyes,Billie Eilish,2018-12-01,Ocean Eyes Billie Eilish
4868,69,,Come Out And Play,Billie Eilish,2018-12-08,Come Out And Play Billie Eilish
5399,100,,idontwannabeyouanymore,Billie Eilish,2019-01-12,idontwannabeyouanymore Billie Eilish
5773,74,,Bury A Friend,Billie Eilish,2019-02-09,Bury A Friend Billie Eilish
6273,74,,Wish You Were Gay,Billie Eilish,2019-03-16,Wish You Were Gay Billie Eilish
6606,7,,Bad Guy,Billie Eilish,2019-04-13,Bad Guy Billie Eilish
6634,35,,Xanny,Billie Eilish,2019-04-13,Xanny Billie Eilish
6642,43,,My Strange Addiction,Billie Eilish,2019-04-13,My Strange Addiction Billie Eilish
6645,46,,All The Good Girls Go To Hell,Billie Eilish,2019-04-13,All The Good Girls Go To Hell Billie Eilish
6652,53,,I Love You,Billie Eilish,2019-04-13,I Love You Billie Eilish
6661,62,,Ilomilo,Billie Eilish,2019-04-13,Ilomilo Billie Eilish
6662,63,,Listen Before I Go,Billie Eilish,2019-04-13,Listen Before I Go Billie Eilish
6678,79,,8,Billie Eilish,2019-04-13,8 Billie Eilish
2288,89,,Lovely,Billie Eilish & Khalid,2018-06-09,Lovely Billie Eilish & Khalid
5147,48,,White Christmas,Bing Crosby,2018-12-29,White Christmas Bing Crosby
980,81,,Booty,Blac Youngsta,2018-03-10,Booty Blac Youngsta
2554,55,,DDU-DU DDU-DU,BLACKPINK,2018-06-30,DDU-DU DDU-DU BLACKPINK
6740,41,,Kill This Love,BLACKPINK,2019-04-20,Kill This Love BLACKPINK
62,63,,I'll Name The Dogs,Blake Shelton,2018-01-06,I'll Name The Dogs Blake Shelton
1098,99,,I Lived It,Blake Shelton,2018-03-17,I Lived It Blake Shelton
6658,59,,God's Country,Blake Shelton,2019-04-13,God's Country Blake Shelton
7665,66,,The Git Up,Blanco Brown,2019-06-22,The Git Up Blanco Brown
705,6,,Look Alive,BlocBoy JB Featuring Drake,2018-02-24,Look Alive BlocBoy JB Featuring Drake
5574,75,,Thotiana,Blueface,2019-01-26,Thotiana Blueface
4832,33,,Jingle Bell Rock,Bobby Helms,2018-12-08,Jingle Bell Rock Bobby Helms
4192,93,,Maybe It's Time,Bradley Cooper,2018-10-20,Maybe It's Time Bradley Cooper
35,36,,Rockin' Around The Christmas Tree,Brenda Lee,2018-01-06,Rockin' Around The Christmas Tree Brenda Lee
692,93,,The Long Way,Brett Eldredge,2018-02-17,The Long Way Brett Eldredge
6992,93,,Love Someone,Brett Eldredge,2019-05-04,Love Someone Brett Eldredge
55,56,,Like I Loved You,Brett Young,2018-01-06,Like I Loved You Brett Young
1996,97,,Mercy,Brett Young,2018-05-19,Mercy Brett Young
5390,91,,Here Tonight,Brett Young,2019-01-12,Here Tonight Brett Young
36,37,,That's What I Like,Bruno Mars,2018-01-06,That's What I Like Bruno Mars
134,35,,Finesse,Bruno Mars & Cardi B,2018-01-13,Finesse Bruno Mars & Cardi B
3390,91,,Drew Barrymore,Bryce Vine,2018-08-25,Drew Barrymore Bryce Vine
7591,92,,La La Land,Bryce Vine Featuring YG,2019-06-15,La La Land Bryce Vine Featuring YG
2109,10,,Fake Love,BTS,2018-06-02,Fake Love BTS
6894,95,,Make It Right,BTS,2019-04-27,Make It Right BTS
81,82,,MIC Drop,BTS Featuring Desiigner,2018-01-06,MIC Drop BTS Featuring Desiigner
6807,8,,Boy With Luv,BTS Featuring Halsey,2019-04-27,Boy With Luv BTS Featuring Halsey
3510,11,,IDOL,BTS Featuring Nicki Minaj,2018-09-08,IDOL BTS Featuring Nicki Minaj
45,46,,A Holly Jolly Christmas,Burl Ives,2018-01-06,A Holly Jolly Christmas Burl Ives
5190,91,,Envy Me,Calboy,2018-12-29,Envy Me Calboy
1561,62,,One Kiss,Calvin Harris & Dua Lipa,2018-04-21,One Kiss Calvin Harris & Dua Lipa
3464,65,,Promises,Calvin Harris & Sam Smith,2018-09-01,Promises Calvin Harris & Sam Smith
170,71,,Never Be The Same,Camila Cabello,2018-01-13,Never Be The Same Camila Cabello
4596,97,,Consequences,Camila Cabello,2018-11-17,Consequences Camila Cabello
2,3,o,Havana,Camila Cabello Featuring Young Thug,2018-01-06,Havana Camila Cabello Featuring Young Thug
9,10,o,Bodak Yellow (Money Moves),Cardi B,2018-01-06,Bodak Yellow (Money Moves) Cardi B
1415,16,,Be Careful,Cardi B,2018-04-14,Be Careful Cardi B
1537,38,,Get Up 10,Cardi B,2018-04-21,Get Up 10 Cardi B
1542,43,,Bickenhead,Cardi B,2018-04-21,Bickenhead Cardi B
1549,50,,Thru Your Phone,Cardi B,2018-04-21,Thru Your Phone Cardi B
1557,58,,Money Bag,Cardi B,2018-04-21,Money Bag Cardi B
4353,54,,Money,Cardi B,2018-11-03,Money Cardi B
7515,16,,Press,Cardi B,2019-06-15,Press Cardi B
6004,5,,Please Me,Cardi B & Bruno Mars,2019-03-02,Please Me Cardi B & Bruno Mars
1556,57,,She Bad,Cardi B & YG,2018-04-21,She Bad Cardi B & YG
13,14,,Bartier Cardi,Cardi B Featuring 21 Savage,2018-01-06,Bartier Cardi Cardi B Featuring 21 Savage
1538,39,,Best Life,Cardi B Featuring Chance The Rapper,2018-04-21,Best Life Cardi B Featuring Chance The Rapper
1527,28,,Ring,Cardi B Featuring Kehlani,2018-04-21,Ring Cardi B Featuring Kehlani
1520,21,,Drip,Cardi B Featuring Migos,2018-04-21,Drip Cardi B Featuring Migos
1522,23,,I Do,Cardi B Featuring SZA,2018-04-21,I Do Cardi B Featuring SZA
1507,8,,I Like It,"Cardi B, Bad Bunny & J Balvin",2018-04-21,"I Like It Cardi B, Bad Bunny & J Balvin"
1647,48,,Cry Pretty,Carrie Underwood,2018-04-28,Cry Pretty Carrie Underwood
5382,83,,Love Wins,Carrie Underwood,2019-01-12,Love Wins Carrie Underwood
346,47,,The Champion,Carrie Underwood Featuring Ludacris,2018-01-27,The Champion Carrie Underwood Featuring Ludacris
1773,74,,Te Bote,"Casper Magico, Nio Garcia, Darell, Nicky Jam, Ozuna & Bad Bunny",2018-05-05,"Te Bote Casper Magico, Nio Garcia, Darell, Nicky Jam, Ozuna & Bad Bunny"
3059,60,,I Might Need Security,Chance The Rapper,2018-08-04,I Might Need Security Chance The Rapper
26,27,,How Long,Charlie Puth,2018-01-06,How Long Charlie Puth
38,39,,Attention,Charlie Puth,2018-01-06,Attention Charlie Puth
3586,87,,The Way I Am,Charlie Puth,2018-09-08,The Way I Am Charlie Puth
1973,74,,Done For Me,Charlie Puth Featuring Kehlani,2018-05-19,Done For Me Charlie Puth Featuring Kehlani
6083,84,,Eyes On You,Chase Rice,2019-03-02,Eyes On You Chase Rice
1900,1,,This Is America,Childish Gambino,2018-05-19,This Is America Childish Gambino
2943,44,,Summertime Magic,Childish Gambino,2018-07-28,Summertime Magic Childish Gambino
3653,54,,Feels Like Summer,Childish Gambino,2018-09-15,Feels Like Summer Childish Gambino
1095,96,,Tempo,Chris Brown,2018-03-17,Tempo Chris Brown
5434,35,,Undecided,Chris Brown,2019-01-19,Undecided Chris Brown
7608,9,,No Guidance,Chris Brown Featuring Drake,2019-06-22,No Guidance Chris Brown Featuring Drake
56,57,,Pills And Automobiles,"Chris Brown Featuring Yo Gotti, A Boogie Wit da Hoodie & Kodak Black",2018-01-06,"Pills And Automobiles Chris Brown Featuring Yo Gotti, A Boogie Wit da Hoodie & Kodak Black"
3585,86,,Drunk Girl,Chris Janson,2018-09-08,Drunk Girl Chris Janson
1491,92,,Take Back Home Girl,Chris Lane Featuring Tori Kelly,2018-04-14,Take Back Home Girl Chris Lane Featuring Tori Kelly
190,91,,Broken Halos,Chris Stapleton,2018-01-13,Broken Halos Chris Stapleton
4695,96,,Millionaire,Chris Stapleton,2018-11-24,Millionaire Chris Stapleton
75,76,,Losing Sleep,Chris Young,2018-01-06,Losing Sleep Chris Young
3696,97,,Hangin' On,Chris Young,2018-09-15,Hangin' On Chris Young
7596,97,,Raised On Country,Chris Young,2019-06-15,Raised On Country Chris Young
5244,45,,Run Rudolph Run,Chuck Berry,2019-01-05,Run Rudolph Run Chuck Berry
3076,77,,Level Up,Ciara,2018-08-04,Level Up Ciara
6276,77,,Act Up,City Girls,2019-03-16,Act Up City Girls
4791,92,,Twerk,City Girls Featuring Cardi B,2018-12-01,Twerk City Girls Featuring Cardi B
2696,97,,Solo,Clean Bandit Featuring Demi Lovato,2018-07-07,Solo Clean Bandit Featuring Demi Lovato
291,92,,I Miss You,Clean Bandit Featuring Julia Michaels,2018-01-20,I Miss You Clean Bandit Featuring Julia Michaels
5690,91,,On My Way To You,Cody Johnson,2019-02-02,On My Way To You Cody Johnson
997,98,,Break Up In The End,Cole Swindell,2018-03-10,Break Up In The End Cole Swindell
6686,87,,Suge,DaBaby,2019-04-13,Suge DaBaby
680,81,,Dura,Daddy Yankee,2018-02-17,Dura Daddy Yankee
5789,90,,Con Calma,Daddy Yankee & Katy Perry Featuring Snow,2019-02-09,Con Calma Daddy Yankee & Katy Perry Featuring Snow
383,84,,Tequila,Dan + Shay,2018-01-27,Tequila Dan + Shay
3794,95,,Speechless,Dan + Shay,2018-09-22,Speechless Dan + Shay
7195,96,,All To Myself,Dan + Shay,2019-05-18,All To Myself Dan + Shay
3080,81,,Best Part,Daniel Caesar Featuring H.E.R.,2018-08-04,Best Part Daniel Caesar Featuring H.E.R.
892,93,,Get You,Daniel Caesar Featuring Kali Uchis,2018-03-03,Get You Daniel Caesar Featuring Kali Uchis
1394,95,,For The First Time,Darius Rucker,2018-04-07,For The First Time Darius Rucker
5149,50,,Christmas (Baby Please Come Home),Darlene Love,2018-12-29,Christmas (Baby Please Come Home) Darlene Love
1794,95,,Everything's Gonna Be Alright,David Lee Murphy & Kenny Chesney,2018-05-05,Everything's Gonna Be Alright David Lee Murphy & Kenny Chesney
4493,94,,Be Alright,Dean Lewis,2018-11-10,Be Alright Dean Lewis
4940,41,,"Let It Snow, Let It Snow, Let It Snow",Dean Martin,2018-12-15,"Let It Snow, Let It Snow, Let It Snow Dean Martin"
19,20,,Sorry Not Sorry,Demi Lovato,2018-01-06,Sorry Not Sorry Demi Lovato
77,78,,Tell Me You Love Me,Demi Lovato,2018-01-06,Tell Me You Love Me Demi Lovato
2657,58,,Sober,Demi Lovato,2018-07-07,Sober Demi Lovato
3089,90,,Nevermind,Dennis Lloyd,2018-08-04,Nevermind Dennis Lloyd
689,90,,Hardaway,Derez De'Shon,2018-02-17,Hardaway Derez De'Shon
186,87,,All On Me,Devin Dawson,2018-01-13,All On Me Devin Dawson
1493,94,,"Woman, Amen",Dierks Bentley,2018-04-14,"Woman, Amen Dierks Bentley"
4399,100,,Burning Man,Dierks Bentley Featuring Brothers Osborne,2018-11-03,Burning Man Dierks Bentley Featuring Brothers Osborne
2183,84,,Welcome To The Party,"Diplo, French Montana & Lil Pump Featuring Zhavia Ward",2018-06-02,"Welcome To The Party Diplo, French Montana & Lil Pump Featuring Zhavia Ward"
7318,19,,Wish Wish,DJ Khaled Featuring Cardi B & 21 Savage,2019-06-01,Wish Wish DJ Khaled Featuring Cardi B & 21 Savage
7356,57,,Jealous,"DJ Khaled Featuring Chris Brown, Lil Wayne & Big Sean",2019-06-01,"Jealous DJ Khaled Featuring Chris Brown, Lil Wayne & Big Sean"
1021,22,,Top Off,"DJ Khaled Featuring JAY Z, Future & B",2018-03-17,"Top Off DJ Khaled Featuring JAY Z, Future & B"
3104,5,,No Brainer,"DJ Khaled Featuring Justin Bieber, Chance The Rapper & Quavo",2018-08-11,"No Brainer DJ Khaled Featuring Justin Bieber, Chance The Rapper & Quavo"
7390,91,,Weather The Storm,DJ Khaled Featuring Meek Mill & Lil Baby,2019-06-01,Weather The Storm DJ Khaled Featuring Meek Mill & Lil Baby
7343,44,,You Stay,"DJ Khaled Featuring Meek Mill, J Balvin, Lil Baby & Jeremih",2019-06-01,"You Stay DJ Khaled Featuring Meek Mill, J Balvin, Lil Baby & Jeremih"
7320,21,,Higher,DJ Khaled Featuring Nipsey Hussle & John Legend,2019-06-01,Higher DJ Khaled Featuring Nipsey Hussle & John Legend
7342,43,,Just Us,DJ Khaled Featuring SZA,2019-06-01,Just Us DJ Khaled Featuring SZA
7351,52,,Celebrate,DJ Khaled Featuring Travis Scott & Post Malone,2019-06-01,Celebrate DJ Khaled Featuring Travis Scott & Post Malone
4026,27,,Taki Taki,"DJ Snake Featuring Selena Gomez, Ozuna & Cardi B",2018-10-13,"Taki Taki DJ Snake Featuring Selena Gomez, Ozuna & Cardi B"
400,1,,God's Plan,Drake,2018-02-03,God's Plan Drake
406,7,,Diplomatic Immunity,Drake,2018-02-03,Diplomatic Immunity Drake
1500,1,,Nice For What,Drake,2018-04-21,Nice For What Drake
2218,19,,I'm Upset,Drake,2018-06-09,I'm Upset Drake
2701,2,,Nonstop,Drake,2018-07-14,Nonstop Drake
2705,6,,In My Feelings,Drake,2018-07-14,In My Feelings Drake
2707,8,,Emotionless,Drake,2018-07-14,Emotionless Drake
2712,13,,Mob Ties,Drake,2018-07-14,Mob Ties Drake
2713,14,,Elevate,Drake,2018-07-14,Elevate Drake
2716,17,,Survival,Drake,2018-07-14,Survival Drake
2717,18,,Can't Take A Joke,Drake,2018-07-14,Can't Take A Joke Drake
2720,21,,8 Out Of 10,Drake,2018-07-14,8 Out Of 10 Drake
2726,27,,Sandra's Rose,Drake,2018-07-14,Sandra's Rose Drake
2727,28,,Summer Games,Drake,2018-07-14,Summer Games Drake
2729,30,,Blue Tint,Drake,2018-07-14,Blue Tint Drake
2731,32,,Jaded,Drake,2018-07-14,Jaded Drake
2735,36,,Is There More,Drake,2018-07-14,Is There More Drake
2736,37,,That's How You Feel,Drake,2018-07-14,That's How You Feel Drake
2737,38,,Peak,Drake,2018-07-14,Peak Drake
2741,42,,Finesse,Drake,2018-07-14,Finesse Drake
2750,51,,Ratchet Happy Birthday,Drake,2018-07-14,Ratchet Happy Birthday Drake
2755,56,,Final Fantasy,Drake,2018-07-14,Final Fantasy Drake
2756,57,,03/14/19,Drake,2018-07-14,March 14 Drake
7734,35,,Omerta,Drake,2019-06-29,Omerta Drake
2719,20,,Talk Up,Drake Featuring JAY-Z,2018-07-14,Talk Up Drake Featuring JAY-Z
2708,9,,Don't Matter To Me,Drake Featuring Michael Jackson,2018-07-14,Don't Matter To Me Drake Featuring Michael Jackson
7706,7,,Money In The Grave,Drake Featuring Rick Ross,2019-06-29,Money In The Grave Drake Featuring Rick Ross
2740,41,,After Dark,Drake Featuring Static Major & Ty Dolla $ign,2018-07-14,After Dark Drake Featuring Static Major & Ty Dolla $ign
7774,75,,Down Bad,"Dreamville Featuring JID, Bas, J. Cole, EARTHGANG & Young Nudy",2019-06-29,"Down Bad Dreamville Featuring JID, Bas, J. Cole, EARTHGANG & Young Nudy"
11,12,,New Rules,Dua Lipa,2018-01-06,New Rules Dua Lipa
391,92,,IDGAF,Dua Lipa,2018-01-27,IDGAF Dua Lipa
4392,93,,Kiss And Make Up,Dua Lipa & BLACKPINK,2018-11-03,Kiss And Make Up Dua Lipa & BLACKPINK
4692,93,,Good Girl,Dustin Lynch,2018-11-24,Good Girl Dustin Lynch
2984,85,,Hooked,Dylan Scott,2018-07-28,Hooked Dylan Scott
697,98,,A Girl Like You,Easton Corbin,2018-02-17,A Girl Like You Easton Corbin
0,1,X,Perfect,Ed Sheeran,2018-01-06,Perfect Ed Sheeran
18,19,,Shape Of You,Ed Sheeran,2018-01-06,Shape Of You Ed Sheeran
7201,2,,I Don't Care,Ed Sheeran & Justin Bieber,2019-05-25,I Don't Care Ed Sheeran & Justin Bieber
7433,34,,Cross Me,Ed Sheeran Featuring Chance The Rapper & PnB Rock,2019-06-08,Cross Me Ed Sheeran Featuring Chance The Rapper & PnB Rock
6880,81,,Love Ain't,Eli Young Band,2019-04-27,Love Ain't Eli Young Band
1477,78,,Boo'd Up,Ella Mai,2018-04-14,Boo'd Up Ella Mai
3278,79,,Trip,Ella Mai,2018-08-18,Trip Ella Mai
5787,88,,Shot Clock,Ella Mai,2019-02-09,Shot Clock Ella Mai
4797,98,,Close To Me,Ellie Goulding X Diplo Featuring Swae Lee,2018-12-01,Close To Me Ellie Goulding X Diplo Featuring Swae Lee
5239,40,,Blue Christmas,Elvis Presley,2019-01-05,Blue Christmas Elvis Presley
3607,8,,The Ringer,Eminem,2018-09-15,The Ringer Eminem
3611,12,,Fall,Eminem,2018-09-15,Fall Eminem
3615,16,,Kamikaze,Eminem,2018-09-15,Kamikaze Eminem
3622,23,,Greatest,Eminem,2018-09-15,Greatest Eminem
3638,39,,Normal,Eminem,2018-09-15,Normal Eminem
3641,42,,Stepping Stone,Eminem,2018-09-15,Stepping Stone Eminem
3648,49,,Venom,Eminem,2018-09-15,Venom Eminem
3802,3,,Killshot,Eminem,2018-09-29,Killshot Eminem
3664,65,,Nice Guy,Eminem & Jessie Reyez,2018-09-15,Nice Guy Eminem & Jessie Reyez
92,93,,Walk On Water,Eminem Featuring Beyonce,2018-01-06,Walk On Water Eminem Featuring Beyonce
42,43,,River,Eminem Featuring Ed Sheeran,2018-01-06,River Eminem Featuring Ed Sheeran
3666,67,,Good Guy,Eminem Featuring Jessie Reyez,2018-09-15,Good Guy Eminem Featuring Jessie Reyez
3605,6,,Lucky You,Eminem Featuring Joyner Lucas,2018-09-15,Lucky You Eminem Featuring Joyner Lucas
3623,24,,Not Alike,Eminem Featuring Royce Da 5'9,2018-09-15,Not Alike Eminem Featuring Royce Da 5'9
397,98,,El Bano,Enrique Iglesias Featuring Bad Bunny,2018-01-27,El Bano Enrique Iglesias Featuring Bad Bunny
71,72,,Round Here Buzz,Eric Church,2018-01-06,Round Here Buzz Eric Church
2970,71,,Desperate Man,Eric Church,2018-07-28,Desperate Man Eric Church
7475,76,,Some Of It,Eric Church,2019-06-08,Some Of It Eric Church
1369,70,,Japan,Famous Dex,2018-04-07,Japan Famous Dex
84,85,,Pick It Up,Famous Dex Featuring A$AP Rocky,2018-01-06,Pick It Up Famous Dex Featuring A$AP Rocky
87,88,,Krippy Kush,"Farruko, Nicki Minaj, Bad Bunny, 21 Savage & Rvssian",2018-01-06,"Krippy Kush Farruko, Nicki Minaj, Bad Bunny, 21 Savage & Rvssian"
6865,66,,Blue On Black,"Five Finger Death Punch Featuring Kenny Wayne Shepherd, Brantley Gilbert & Brian May",2019-04-27,"Blue On Black Five Finger Death Punch Featuring Kenny Wayne Shepherd, Brantley Gilbert & Brian May"
6384,85,,Undrunk,FLETCHER,2019-03-23,Undrunk FLETCHER
3895,96,,Leave Me Alone,Flipp Dinero,2018-09-29,Leave Me Alone Flipp Dinero
2354,55,,Simple,Florida Georgia Line,2018-06-16,Simple Florida Georgia Line
6079,80,,Talk You Out Of It,Florida Georgia Line,2019-03-02,Talk You Out Of It Florida Georgia Line
1285,86,,Sit Next To Me,Foster The People,2018-03-31,Sit Next To Me Foster The People
5248,49,,Jingle Bells,Frank Sinatra,2019-01-05,Jingle Bells Frank Sinatra
6989,90,,Slide,French Montana Featuring Blueface & Lil Tjay,2019-05-04,Slide French Montana Featuring Blueface & Lil Tjay
3946,47,,No Stylist,French Montana Featuring Drake,2018-10-06,No Stylist French Montana Featuring Drake
46,47,,Unforgettable,French Montana Featuring Swae Lee,2018-01-06,Unforgettable French Montana Featuring Swae Lee
2852,53,,Wifi Lit,Future,2018-07-21,Wifi Lit Future
2864,65,,31 Days,Future,2018-07-21,31 Days Future
2870,71,,Cuddle My Wrist,Future,2018-07-21,Cuddle My Wrist Future
2875,76,,Racks Blue,Future,2018-07-21,Racks Blue Future
5445,46,,Crushed Up,Future,2019-01-19,Crushed Up Future
5579,80,,Jumpin On A Jet,Future,2019-01-26,Jumpin On A Jet Future
5664,65,,Never Stop,Future,2019-02-02,Never Stop Future
5675,76,,Temptation,Future,2019-02-02,Temptation Future
5678,79,,Rocket Ship,Future,2019-02-02,Rocket Ship Future
5682,83,,F&N,Future,2019-02-02,F&N Future
5699,100,,Call The Coroner,Future,2019-02-02,Call The Coroner Future
7686,87,,Please Tell Me,Future,2019-06-22,Please Tell Me Future
7697,98,,XanaX Damage,Future,2019-06-22,XanaX Damage Future
7698,99,,Government Official,Future,2019-06-22,Government Official Future
4325,26,,Fine China,Future & Juice WRLD,2018-11-03,Fine China Future & Juice WRLD
4381,82,,Astronauts,Future & Juice WRLD,2018-11-03,Astronauts Future & Juice WRLD
4371,72,,Jet Lag,Future & Juice WRLD Featuring Young Scooter,2018-11-03,Jet Lag Future & Juice WRLD Featuring Young Scooter
5646,47,,First Off,Future Featuring Travis Scott,2019-02-02,First Off Future Featuring Travis Scott
23,24,,Him & I,G-Eazy & Halsey,2018-01-06,Him & I G-Eazy & Halsey
3,4,o,No Limit,G-Eazy Featuring A$AP Rocky & Cardi B,2018-01-06,No Limit G-Eazy Featuring A$AP Rocky & Cardi B
2989,90,,1942,G-Eazy Featuring Yo Gotti & YBN Nahmir,2018-07-28,1942 G-Eazy Featuring Yo Gotti & YBN Nahmir
4935,36,,Rudolph The Red-Nosed Reindeer,Gene Autry,2018-12-15,Rudolph The Red-Nosed Reindeer Gene Autry
5039,40,,Here Comes Santa Claus (Right Down Santa Claus Lane),Gene Autry,2018-12-22,Here Comes Santa Claus (Right Down Santa Claus Lane) Gene Autry
5526,27,,Lost In The Fire,Gesaffelstein & The Weeknd,2019-01-26,Lost In The Fire Gesaffelstein & The Weeknd
2384,85,,Humility,Gorillaz Featuring George Benson,2018-06-16,Humility Gorillaz Featuring George Benson
21,22,,I Get The Bag,Gucci Mane Featuring Migos,2018-01-06,I Get The Bag Gucci Mane Featuring Migos
3829,30,,Wake Up In The Sky,Gucci Mane X Bruno Mars X Kodak Black,2018-09-29,Wake Up In The Sky Gucci Mane X Bruno Mars X Kodak Black
5855,56,,One Call,Gunna,2019-02-16,One Call Gunna
6169,70,,Outstanding,Gunna,2019-03-09,Outstanding Gunna
6174,75,,Wit It,Gunna,2019-03-09,Wit It Gunna
6190,91,,Speed It Up,Gunna,2019-03-09,Speed It Up Gunna
6196,97,,Same Yung N***a,Gunna Featuring Playboi Carti,2019-03-09,Same Yung N***a Gunna Featuring Playboi Carti
6173,74,,3 Headed Snake,Gunna Featuring Young Thug,2019-03-09,3 Headed Snake Gunna Featuring Young Thug
1499,100,,Focus,H.E.R.,2018-04-14,Focus H.E.R.
3275,76,,Could've Been,H.E.R. Featuring Bryson Tiller,2018-08-18,Could've Been H.E.R. Featuring Bryson Tiller
54,55,,Let Me Go,Hailee Steinfeld & Alesso Featuring Florida Georgia Line & Watt,2018-01-06,Let Me Go Hailee Steinfeld & Alesso Featuring Florida Georgia Line & Watt
8,9,x,Bad At Love,Halsey,2018-01-06,Bad At Love Halsey
4117,18,,Without Me,Halsey,2018-10-20,Without Me Halsey
7314,15,,Nightmare,Halsey,2019-06-01,Nightmare Halsey
1599,100,,Alone,Halsey Featuring Big Sean & Stefflon Don,2018-04-21,Alone Halsey Featuring Big Sean & Stefflon Don
995,96,,She's With Me,High Valley,2018-03-10,She's With Me High Valley
5697,98,,Face My Fears,Hikaru Utada & Skrillex,2019-02-02,Face My Fears Hikaru Utada & Skrillex
194,95,,The Greatest Show,"Hugh Jackman, Keala Settle, Zac Efron, Zendaya & The Greatest Showman Ensemble",2018-01-13,"The Greatest Show Hugh Jackman, Keala Settle, Zac Efron, Zendaya & The Greatest Showman Ensemble"
67,68,,Modern Slavery,Huncho Jack,2018-01-06,Modern Slavery Huncho Jack
70,71,,Black & Chinese,Huncho Jack,2018-01-06,Black & Chinese Huncho Jack
86,87,,Huncho Jack,Huncho Jack,2018-01-06,Huncho Jack Huncho Jack
89,90,,Motorcycle Patches,Huncho Jack,2018-01-06,Motorcycle Patches Huncho Jack
91,92,,Saint,Huncho Jack,2018-01-06,Saint Huncho Jack
82,83,,Dubai Shit,Huncho Jack Featuring Offset,2018-01-06,Dubai Shit Huncho Jack Featuring Offset
64,65,,Eye 2 Eye,Huncho Jack Featuring Takeoff,2018-01-06,Eye 2 Eye Huncho Jack Featuring Takeoff
6461,62,,Sally Walker,Iggy Azalea,2019-03-30,Sally Walker Iggy Azalea
2895,96,,Kream,Iggy Azalea Feauring Tyga,2018-07-21,Kream Iggy Azalea Feauring Tyga
4,5,X,Thunder,Imagine Dragons,2018-01-06,Thunder Imagine Dragons
24,25,,Believer,Imagine Dragons,2018-01-06,Believer Imagine Dragons
686,87,,Whatever It Takes,Imagine Dragons,2018-02-17,Whatever It Takes Imagine Dragons
3036,37,,Natural,Imagine Dragons,2018-08-04,Natural Imagine Dragons
4678,79,,Bad Liar,Imagine Dragons,2018-11-24,Bad Liar Imagine Dragons
68,69,,Thunder/Young Dumb & Broke (Medley),Imagine Dragons + Khalid,2018-01-06,Thunder/Young Dumb & Broke (Medley) Imagine Dragons + Khalid
31,32,,Mi Gente,J Balvin & Willy William Featuring Beyonce,2018-01-06,Mi Gente J Balvin & Willy William Featuring Beyonce
1705,6,,ATM,J. Cole,2018-05-05,ATM J. Cole
1707,8,,Kevin's Heart,J. Cole,2018-05-05,Kevin's Heart J. Cole
1709,10,,KOD,J. Cole,2018-05-05,KOD J. Cole
1713,14,,Photograph,J. Cole,2018-05-05,Photograph J. Cole
1714,15,,Motiv8,J. Cole,2018-05-05,Motiv8 J. Cole
1719,20,,1985 (Intro To The Fall Off),J. Cole,2018-05-05,1985 (Intro To The Fall Off) J. Cole
1729,30,,Brackets,J. Cole,2018-05-05,Brackets J. Cole
1740,41,,Window Pain (Outro),J. Cole,2018-05-05,Window Pain (Outro) J. Cole
1746,47,,Once An Addict (Interlude),J. Cole,2018-05-05,Once An Addict (Interlude) J. Cole
1752,53,,Intro,J. Cole,2018-05-05,Intro J. Cole
3386,87,,Album Of The Year (Freestyle),J. Cole,2018-08-25,Album Of The Year (Freestyle) J. Cole
5625,26,,Middle Child,J. Cole,2019-02-02,Middle Child J. Cole
1727,28,,The Cut Off,J. Cole Featuring kiLL edward,2018-05-05,The Cut Off J. Cole Featuring kiLL edward
1745,46,,Friends,J. Cole Featuring kiLL edward,2018-05-05,Friends J. Cole Featuring kiLL edward
4889,90,,You,Jacquees,2018-12-08,You Jacquees
691,92,,At The Club,Jacquees X Dej Loaf,2018-02-17,At The Club Jacquees X Dej Loaf
2292,93,,I Was Jack (You Were Diane),Jake Owen,2018-06-09,I Was Jack (You Were Diane) Jake Owen
5379,80,,Down To The Honkytonk,Jake Owen,2019-01-12,Down To The Honkytonk Jake Owen
998,99,,Make Me Feel,Janelle Monae,2018-03-10,Make Me Feel Janelle Monae
3487,88,,Made For Now,Janet & Daddy Yankee,2018-09-01,Made For Now Janet & Daddy Yankee
527,28,,You Make It Easy,Jason Aldean,2018-02-10,You Make It Easy Jason Aldean
4798,99,,Girl Like You,Jason Aldean,2018-12-01,Girl Like You Jason Aldean
7496,97,,Rearview Town,Jason Aldean,2019-06-08,Rearview Town Jason Aldean
2584,85,,Drowns The Whiskey,Jason Aldean Featuring Miranda Lambert,2018-06-30,Drowns The Whiskey Jason Aldean Featuring Miranda Lambert
3389,90,,Have It All,Jason Mraz,2018-08-25,Have It All Jason Mraz
390,91,,King's Dead,"Jay Rock, Kendrick Lamar, Future & James Blake",2018-01-27,"King's Dead Jay Rock, Kendrick Lamar, Future & James Blake"
2279,80,,Dinero,Jennifer Lopez Featuring DJ Khaled & Cardi B,2018-06-09,Dinero Jennifer Lopez Featuring DJ Khaled & Cardi B
7250,51,,Triggered,Jhene Aiko,2019-05-25,Triggered Jhene Aiko
1097,98,,Sativa,Jhene Aiko Featuring Swae Lee Or Rae Sremmurd,2018-03-17,Sativa Jhene Aiko Featuring Swae Lee Or Rae Sremmurd
3896,97,,Best Shot,Jimmie Allen,2018-09-29,Best Shot Jimmie Allen
5144,45,,Happy Xmas (War Is Over),John & Yoko/The Plastic Ono Band With The Harlem Community Choir,2018-12-29,Happy Xmas (War Is Over) John & Yoko/The Plastic Ono Band With The Harlem Community Choir
6193,94,,I Guess I Just Feel Like,John Mayer,2019-03-09,I Guess I Just Feel Like John Mayer
7590,91,,Shut Up About Politics,John Rich Featuring The Five,2019-06-15,Shut Up About Politics John Rich Featuring The Five
6495,96,,Slow Dancing In The Dark,Joji,2019-03-30,Slow Dancing In The Dark Joji
7779,80,,Sanctuary,Joji,2019-06-29,Sanctuary Joji
5797,98,,Night Shift,Jon Pardi,2019-02-09,Night Shift Jon Pardi
6200,1,,Sucker,Jonas Brothers,2019-03-16,Sucker Jonas Brothers
6726,27,,Cool,Jonas Brothers,2019-04-20,Cool Jonas Brothers
7692,93,,Only Human,Jonas Brothers,2019-06-22,Only Human Jonas Brothers
693,94,,Singles You Up,Jordan Davis,2018-02-17,Singles You Up Jordan Davis
5374,75,,Take It From Me,Jordan Davis,2019-01-12,Take It From Me Jordan Davis
5041,42,,Feliz Navidad,Jose Feliciano,2018-12-22,Feliz Navidad Jose Feliciano
1090,91,,Stranger Things,Joyner Lucas & Chris Brown,2018-03-17,Stranger Things Joyner Lucas & Chris Brown
7458,59,,Isis,Joyner Lucas Featuring Logic,2019-06-08,Isis Joyner Lucas Featuring Logic
2073,74,,Lucid Dreams,Juice WRLD,2018-05-26,Lucid Dreams Juice WRLD
2091,92,,All Girls Are The Same,Juice WRLD,2018-05-26,All Girls Are The Same Juice WRLD
2664,65,,Legends,Juice WRLD,2018-07-07,Legends Juice WRLD
3286,87,,Lean Wit Me,Juice WRLD,2018-08-18,Lean Wit Me Juice WRLD
4391,92,,Make It Back,Juice WRLD,2018-11-03,Make It Back Juice WRLD
4643,44,,Armed And Dangerous,Juice WRLD,2018-11-24,Armed And Dangerous Juice WRLD
6026,27,,Robbery,Juice WRLD,2019-03-02,Robbery Juice WRLD
6255,56,,Hear Me Calling,Juice WRLD,2019-03-16,Hear Me Calling Juice WRLD
6340,41,,Empty,Juice WRLD,2019-03-23,Empty Juice WRLD
6346,47,,Fast,Juice WRLD,2019-03-23,Fast Juice WRLD
6364,65,,Maze,Juice WRLD,2019-03-23,Maze Juice WRLD
6390,91,,Flaws And Sins,Juice WRLD,2019-03-23,Flaws And Sins Juice WRLD
2967,68,,Wasted,Juice WRLD Featuring Lil Uzi Vert,2018-07-28,Wasted Juice WRLD Featuring Lil Uzi Vert
7799,100,,The Ones That Didn't Make It Back Home,Justin Moore,2019-06-29,The Ones That Didn't Make It Back Home Justin Moore
208,9,,Filthy,Justin Timberlake,2018-01-20,Filthy Justin Timberlake
470,71,,Supplies,Justin Timberlake,2018-02-03,Supplies Justin Timberlake
672,73,,Man Of The Woods,Justin Timberlake,2018-02-17,Man Of The Woods Justin Timberlake
508,9,,Say Something,Justin Timberlake Featuring Chris Stapleton,2018-02-10,Say Something Justin Timberlake Featuring Chris Stapleton
5997,98,,Rainbow,Kacey Musgraves,2019-02-23,Rainbow Kacey Musgraves
181,82,,Heaven,Kane Brown,2018-01-13,Heaven Kane Brown
2483,84,,Lose It,Kane Brown,2018-06-23,Lose It Kane Brown
6194,95,,Good As You,Kane Brown,2019-03-09,Good As You Kane Brown
2307,8,,Yikes,Kanye West,2018-06-16,Yikes Kanye West
2310,11,,All Mine,Kanye West,2018-06-16,All Mine Kanye West
2326,27,,Violent Crimes,Kanye West,2018-06-16,Violent Crimes Kanye West
2327,28,,I Thought About Killing You,Kanye West,2018-06-16,I Thought About Killing You Kanye West
2335,36,,No Mistakes,Kanye West,2018-06-16,No Mistakes Kanye West
3705,6,,I Love It,Kanye West & Lil Pump,2018-09-22,I Love It Kanye West & Lil Pump
2315,16,,Ghost Town,Kanye West Featuring PARTYNEXTDOOR,2018-06-16,Ghost Town Kanye West Featuring PARTYNEXTDOOR
2323,24,,Wouldn't Leave,Kanye West Featuring PARTYNEXTDOOR,2018-06-16,Wouldn't Leave Kanye West Featuring PARTYNEXTDOOR
1884,85,,Ye vs The People,Kanye West Featuring T.I.,2018-05-12,Ye vs The People Kanye West Featuring T.I.
5167,68,,Cozy Little Christmas,Katy Perry,2018-12-29,Cozy Little Christmas Katy Perry
7514,15,,Never Really Over,Katy Perry,2019-06-15,Never Really Over Katy Perry
182,83,,This Is Me,Keala Settle & The Greatest Showman Ensemble,2018-01-13,This Is Me Keala Settle & The Greatest Showman Ensemble
5568,69,,Nights Like This,Kehlani Featuring Ty Dolla $ign,2019-01-26,Nights Like This Kehlani Featuring Ty Dolla $ign
192,93,,Female,Keith Urban,2018-01-13,Female Keith Urban
2687,88,,Coming Home,Keith Urban Featuring Julia Michaels,2018-07-07,Coming Home Keith Urban Featuring Julia Michaels
5243,44,,Underneath The Tree,Kelly Clarkson,2019-01-05,Underneath The Tree Kelly Clarkson
96,97,,Legends,Kelsea Ballerini,2018-01-06,Legends Kelsea Ballerini
5894,95,,Miss Me More,Kelsea Ballerini,2019-02-16,Miss Me More Kelsea Ballerini
790,91,,Black Panther,Kendrick Lamar,2018-02-24,Black Panther Kendrick Lamar
242,43,,All The Stars,Kendrick Lamar & SZA,2018-01-20,All The Stars Kendrick Lamar & SZA
770,71,,Big Shot,Kendrick Lamar & Travis Scott,2018-02-24,Big Shot Kendrick Lamar & Travis Scott
10,11,,Love.,Kendrick Lamar Featuring Zacari,2018-01-06,Love. Kendrick Lamar Featuring Zacari
1584,85,,Get Along,Kenny Chesney,2018-04-21,Get Along Kenny Chesney
2167,68,,Change Lanes,Kevin Gates,2018-06-02,Change Lanes Kevin Gates
2181,82,,Let It Sing,Kevin Gates,2018-06-02,Let It Sing Kevin Gates
17,18,,Young Dumb & Broke,Khalid,2018-01-06,Young Dumb & Broke Khalid
3844,45,,Better,Khalid,2018-09-29,Better Khalid
4388,89,,Vertigo,Khalid,2018-11-03,Vertigo Khalid
5943,44,,Talk,Khalid,2019-02-23,Talk Khalid
6376,77,,My Bad,Khalid,2019-03-23,My Bad Khalid
6786,87,,Bad Luck,Khalid,2019-04-20,Bad Luck Khalid
6792,93,,Right Back,Khalid,2019-04-20,Right Back Khalid
4382,83,,Saturday Nights,Khalid & Kane Brown,2018-11-03,Saturday Nights Khalid & Kane Brown
842,43,,Love Lies,Khalid & Normani,2018-03-03,Love Lies Khalid & Normani
762,63,,The Ways,Khalid & Swae Lee,2018-02-24,The Ways Khalid & Swae Lee
4387,88,,Suncity,Khalid Featuring Empress Of,2018-11-03,Suncity Khalid Featuring Empress Of
6757,58,,Outta My Head,Khalid With John Mayer,2019-04-20,Outta My Head Khalid With John Mayer
6783,84,,Don't Pretend,Khalid x SAFE,2019-04-20,Don't Pretend Khalid x SAFE
1756,57,,OTW,"Khalid, Ty Dolla $ign & 6LACK",2018-05-05,"OTW Khalid, Ty Dolla $ign & 6LACK"
2438,39,,Reborn,KIDS SEE GHOSTS,2018-06-23,Reborn KIDS SEE GHOSTS
2446,47,,Feel The Love,KIDS SEE GHOSTS,2018-06-23,Feel The Love KIDS SEE GHOSTS
2461,62,,"Freeee (Ghost Town, Pt. 2)",KIDS SEE GHOSTS,2018-06-23,"Freeee (Ghost Town, Pt. 2) KIDS SEE GHOSTS"
2466,67,,Fire,KIDS SEE GHOSTS,2018-06-23,Fire KIDS SEE GHOSTS
2468,69,,Cudi Montage,KIDS SEE GHOSTS,2018-06-23,Cudi Montage KIDS SEE GHOSTS
2472,73,,KIDS SEE GHOSTS,KIDS SEE GHOSTS,2018-06-23,KIDS SEE GHOSTS KIDS SEE GHOSTS
2441,42,,4th Dimension,KIDS SEE GHOSTS Featuring Louis Prima,2018-06-23,4th Dimension KIDS SEE GHOSTS Featuring Louis Prima
4694,95,,Last Shot,Kip Moore,2018-11-24,Last Shot Kip Moore
4055,56,,"If I'm Lyin, I'm Flyin",Kodak Black,2018-10-13,"If I'm Lyin, I'm Flyin Kodak Black"
4780,81,,Take One,Kodak Black,2018-12-01,Take One Kodak Black
4963,64,,Calling My Spirit,Kodak Black,2018-12-15,Calling My Spirit Kodak Black
5173,74,,Testimony,Kodak Black,2018-12-29,Testimony Kodak Black
5157,58,,MoshPit,Kodak Black Featuring Juice WRLD,2018-12-29,MoshPit Kodak Black Featuring Juice WRLD
5187,88,,Gnarly,Kodak Black Featuring Lil Pump,2018-12-29,Gnarly Kodak Black Featuring Lil Pump
69,70,,Codeine Dreaming,Kodak Black Featuring Lil Wayne,2018-01-06,Codeine Dreaming Kodak Black Featuring Lil Wayne
4201,2,,ZEZE,Kodak Black Featuring Travis Scott & Offset,2018-10-27,ZEZE Kodak Black Featuring Travis Scott & Offset
50,51,,Roll In Peace,Kodak Black Featuring XXXTENTACION,2018-01-06,Roll In Peace Kodak Black Featuring XXXTENTACION
2172,73,,Like That,Kris Wu,2018-06-02,Like That Kris Wu
2573,74,,Born To Be Yours,Kygo & Imagine Dragons,2018-06-30,Born To Be Yours Kygo & Imagine Dragons
2993,94,,Remind Me To Forget,Kygo Featuring Miguel,2018-07-28,Remind Me To Forget Kygo Featuring Miguel
3693,94,,Thunderclouds,"Labrinth, Sia & Diplo Present... LSD",2018-09-15,"Thunderclouds Labrinth, Sia & Diplo Present... LSD"
7385,86,,What If I Never Get Over You,Lady Antebellum,2019-06-01,What If I Never Get Over You Lady Antebellum
4135,36,,I'll Never Love Again,Lady Gaga,2018-10-20,I'll Never Love Again Lady Gaga
4140,41,,Always Remember Us This Way,Lady Gaga,2018-10-20,Always Remember Us This Way Lady Gaga
4162,63,,Is That Alright?,Lady Gaga,2018-10-20,Is That Alright? Lady Gaga
4027,28,,Shallow,Lady Gaga & Bradley Cooper,2018-10-13,Shallow Lady Gaga & Bradley Cooper
57,58,,Greatest Love Story,LANCO,2018-01-06,Greatest Love Story LANCO
2952,53,,You Say,Lauren Daigle,2018-07-28,You Say Lauren Daigle
5189,90,,The Christmas Song,Lauren Daigle,2018-12-29,The Christmas Song Lauren Daigle
795,96,,I Like Me Better,Lauv,2018-02-24,I Like Me Better Lauv
5785,86,,I'm So Tired...,Lauv & Troye Sivan,2019-02-09,I'm So Tired... Lauv & Troye Sivan
6387,88,,Rumor,Lee Brice,2019-03-23,Rumor Lee Brice
7284,85,,Someone You Loved,Lewis Capaldi,2019-05-25,Someone You Loved Lewis Capaldi
281,82,,For You (Fifty Shades Freed),Liam Payne & Rita Ora,2018-01-20,For You (Fifty Shades Freed) Liam Payne & Rita Ora
83,84,,My Dawg,Lil Baby,2018-01-06,My Dawg Lil Baby
2178,79,,Southside,Lil Baby,2018-06-02,Southside Lil Baby
4127,28,,Close Friends,Lil Baby,2018-10-20,Close Friends Lil Baby
4196,97,,Deep End,Lil Baby,2018-10-20,Deep End Lil Baby
4945,46,,Pure Cocaine,Lil Baby,2018-12-15,Pure Cocaine Lil Baby
4981,82,,Crush A Lot,Lil Baby,2018-12-15,Crush A Lot Lil Baby
4990,91,,Global,Lil Baby,2018-12-15,Global Lil Baby
4997,98,,Word On The Street,Lil Baby,2018-12-15,Word On The Street Lil Baby
2048,49,,Yes Indeed,Lil Baby & Drake,2018-05-26,Yes Indeed Lil Baby & Drake
3827,28,,Drip Too Hard,Lil Baby & Gunna,2018-09-29,Drip Too Hard Lil Baby & Gunna
4160,61,,Business Is Business,Lil Baby & Gunna,2018-10-20,Business Is Business Lil Baby & Gunna
4179,80,,Belly,Lil Baby & Gunna,2018-10-20,Belly Lil Baby & Gunna
4197,98,,I Am,Lil Baby & Gunna,2018-10-20,I Am Lil Baby & Gunna
4114,15,,Never Recover,Lil Baby & Gunna Featuring Drake,2018-10-20,Never Recover Lil Baby & Gunna Featuring Drake
4153,54,,Off White VLONE,Lil Baby & Gunna Featuring Lil Durk & NAV,2018-10-20,Off White VLONE Lil Baby & Gunna Featuring Lil Durk & NAV
4965,66,,Ready,Lil Baby Featuring Gunna,2018-12-15,Ready Lil Baby Featuring Gunna
2179,80,,Life Goes On,Lil Baby Featuring Gunna & Lil Uzi Vert,2018-06-02,Life Goes On Lil Baby Featuring Gunna & Lil Uzi Vert
4961,62,,Time,Lil Baby Featuring Meek Mill,2018-12-15,Time Lil Baby Featuring Meek Mill
6916,17,,Earth,Lil Dicky,2019-05-04,Earth Lil Dicky
1208,9,,Freaky Friday,Lil Dicky Featuring Chris Brown,2018-03-31,Freaky Friday Lil Dicky Featuring Chris Brown
3899,100,,Noticed,Lil Mosey,2018-09-29,Noticed Lil Mosey
4496,97,,Kamikaze,Lil Mosey,2018-11-10,Kamikaze Lil Mosey
6282,83,,Old Town Road,Lil Nas X Featuring Billy Ray Cyrus,2019-03-16,Old Town Road Lil Nas X Featuring Billy Ray Cyrus
6395,96,,I've Been Waiting,Lil Peep & iLoveMakonnen Featuring Fall Out Boy,2019-03-23,I've Been Waiting Lil Peep & iLoveMakonnen Featuring Fall Out Boy
3846,47,,Falling Down,Lil Peep & XXXTENTACION,2018-09-29,Falling Down Lil Peep & XXXTENTACION
5,6,X,Gucci Gang,Lil Pump,2018-01-06,Gucci Gang Lil Pump
1623,24,,Esskeetit,Lil Pump,2018-04-28,Esskeetit Lil Pump
2882,83,,Drug Addicts,Lil Pump,2018-07-21,Drug Addicts Lil Pump
5480,81,,Butterfly Doors,Lil Pump,2019-01-19,Butterfly Doors Lil Pump
6171,72,,Be Like Me,Lil Pump Featuring Lil Wayne,2019-03-09,Be Like Me Lil Pump Featuring Lil Wayne
2090,91,,Lust,Lil Skies,2018-05-26,Lust Lil Skies
6238,39,,I,Lil Skies,2019-03-16,I Lil Skies
284,85,,Nowadays,Lil Skies Featuring Landon Cube,2018-01-20,Nowadays Lil Skies Featuring Landon Cube
297,98,,Red Roses,Lil Skies Featuring Landon Cube,2018-01-20,Red Roses Lil Skies Featuring Landon Cube
2489,90,,I Know You,Lil Skies Featuring Yung Pinch,2018-06-23,I Know You Lil Skies Featuring Yung Pinch
7592,93,,Ran$om,Lil Tecca,2019-06-15,Ran$om Lil Tecca
3837,38,,New Patek,Lil Uzi Vert,2018-09-29,New Patek Lil Uzi Vert
6827,28,,Sanguine Paradise,Lil Uzi Vert,2019-04-27,Sanguine Paradise Lil Uzi Vert
6875,76,,That's A Rack,Lil Uzi Vert,2019-04-27,That's A Rack Lil Uzi Vert
34,35,,The Way Life Goes,Lil Uzi Vert Featuring Nicki Minaj,2018-01-06,The Way Life Goes Lil Uzi Vert Featuring Nicki Minaj
4006,7,,Uproar,Lil Wayne,2018-10-13,Uproar Lil Wayne
4013,14,,Dedicate,Lil Wayne,2018-10-13,Dedicate Lil Wayne
4016,17,,Can't Be Broken,Lil Wayne,2018-10-13,Can't Be Broken Lil Wayne
4046,47,,Open Letter,Lil Wayne,2018-10-13,Open Letter Lil Wayne
4056,57,,Problems,Lil Wayne,2018-10-13,Problems Lil Wayne
4058,59,,Hittas,Lil Wayne,2018-10-13,Hittas Lil Wayne
4061,62,,Open Safe,Lil Wayne,2018-10-13,Open Safe Lil Wayne
4064,65,,Took His Time,Lil Wayne,2018-10-13,Took His Time Lil Wayne
4073,74,,Mess,Lil Wayne,2018-10-13,Mess Lil Wayne
4074,75,,Let It All Work Out,Lil Wayne,2018-10-13,Let It All Work Out Lil Wayne
4077,78,,Used 2,Lil Wayne,2018-10-13,Used 2 Lil Wayne
4080,81,,Demon,Lil Wayne,2018-10-13,Demon Lil Wayne
4085,86,,Perfect Strangers,Lil Wayne,2018-10-13,Perfect Strangers Lil Wayne
4075,76,,Start This S**t Off Right,Lil Wayne Featuring Ashanti & Mack Maine,2018-10-13,Start This S**t Off Right Lil Wayne Featuring Ashanti & Mack Maine
4001,2,,Mona Lisa,Lil Wayne Featuring Kendrick Lamar,2018-10-13,Mona Lisa Lil Wayne Featuring Kendrick Lamar
4025,26,,Dark Side Of The Moon,Lil Wayne Featuring Nicki Minaj,2018-10-13,Dark Side Of The Moon Lil Wayne Featuring Nicki Minaj
4089,90,,Dope New Gospel,Lil Wayne Featuring Nivea,2018-10-13,Dope New Gospel Lil Wayne Featuring Nivea
4035,36,,Famous,Lil Wayne Featuring Reginae Carter,2018-10-13,Famous Lil Wayne Featuring Reginae Carter
4038,39,,Dope N****z,Lil Wayne Featuring Snoop Dogg,2018-10-13,Dope N****z Lil Wayne Featuring Snoop Dogg
4023,24,,What About Me,Lil Wayne Featuring Sosamann,2018-10-13,What About Me Lil Wayne Featuring Sosamann
4009,10,,Let It Fly,Lil Wayne Featuring Travis Scott,2018-10-13,Let It Fly Lil Wayne Featuring Travis Scott
4004,5,,Don't Cry,Lil Wayne Featuring XXXTENTACION,2018-10-13,Don't Cry Lil Wayne Featuring XXXTENTACION
74,75,,Betrayed,Lil Xan,2018-01-06,Betrayed Lil Xan
4390,91,,Yacht Club,Lil Yachty Featuring Juice WRLD,2018-11-03,Yacht Club Lil Yachty Featuring Juice WRLD
1162,63,,NBAYoungboat,Lil Yachty Featuring NBA YoungBoy,2018-03-24,NBAYoungboat Lil Yachty Featuring NBA YoungBoy
4397,98,,Get Dripped,Lil Yachty Featuring Playboi Carti,2018-11-03,Get Dripped Lil Yachty Featuring Playboi Carti
1172,73,,66,Lil Yachty Featuring Trippie Redd,2018-03-24,66 Lil Yachty Featuring Trippie Redd
1187,88,,Boom!,Lil Yachty Featuring Ugly God,2018-03-24,Boom! Lil Yachty Featuring Ugly God
3582,83,,Smile (Living My Best Life),Lil' Duval Featuring Snoop Dogg & Ball Greezy,2018-09-08,Smile (Living My Best Life) Lil' Duval Featuring Snoop Dogg & Ball Greezy
1248,49,,Found / Tonight,Lin-Manuel Miranda & Ben Platt,2018-03-31,Found / Tonight Lin-Manuel Miranda & Ben Platt
7149,50,,Truth Hurts,Lizzo,2019-05-18,Truth Hurts Lizzo
7299,100,,Juice,Lizzo,2019-05-25,Juice Lizzo
921,22,,44 More,Logic,2018-03-10,44 More Logic
1159,60,,Contra,Logic,2018-03-24,Contra Logic
1167,68,,Overnight,Logic,2018-03-24,Overnight Logic
1173,74,,Midnight,Logic,2018-03-24,Midnight Logic
1186,87,,Yuck,Logic,2018-03-24,Yuck Logic
1196,97,,BoomTrap Protocol,Logic,2018-03-24,BoomTrap Protocol Logic
5637,38,,Keanu Reeves,Logic,2019-02-02,Keanu Reeves Logic
6577,78,,Confessions Of A Dangerous Mind,Logic,2019-04-06,Confessions Of A Dangerous Mind Logic
1042,43,,Everyday,Logic & Marshmello,2018-03-17,Everyday Logic & Marshmello
33,34,,1-800-273-8255,Logic Featuring Alessia Cara & Khalid,2018-01-06,1-800-273-8255 Logic Featuring Alessia Cara & Khalid
1182,83,,Wassup,Logic Featuring Big Sean,2018-03-24,Wassup Logic Featuring Big Sean
7104,5,,Homicide,Logic Featuring Eminem,2019-05-18,Homicide Logic Featuring Eminem
3179,80,,One Day,Logic Featuring Ryan Tedder,2018-08-11,One Day Logic Featuring Ryan Tedder
1155,56,,Indica Badu,Logic Featuring Wiz Khalifa,2018-03-24,Indica Badu Logic Featuring Wiz Khalifa
1197,98,,Warm It Up,Logic Featuring Young Sinatra,2018-03-24,Warm It Up Logic Featuring Young Sinatra
187,88,,Never Enough,Loren Allred,2018-01-13,Never Enough Loren Allred
5386,87,,Body,Loud Luxury Featuring Brando,2019-01-12,Body Loud Luxury Featuring Brando
2983,84,,Broken,lovelytheband,2018-07-28,Broken lovelytheband
29,30,,Despacito,Luis Fonsi & Daddy Yankee Featuring Justin Bieber,2018-01-06,Despacito Luis Fonsi & Daddy Yankee Featuring Justin Bieber
73,74,,Echame La Culpa,Luis Fonsi & Demi Lovato,2018-01-06,Echame La Culpa Luis Fonsi & Demi Lovato
5381,82,,Love Someone,Lukas Graham,2019-01-12,Love Someone Lukas Graham
72,73,,Light It Up,Luke Bryan,2018-01-06,Light It Up Luke Bryan
593,94,,Most People Are Good,Luke Bryan,2018-02-10,Most People Are Good Luke Bryan
2785,86,,"Sunrise, Sunburn, Sunset",Luke Bryan,2018-07-14,"Sunrise, Sunburn, Sunset Luke Bryan"
5375,76,,What Makes You Country,Luke Bryan,2019-01-12,What Makes You Country Luke Bryan
7093,94,,Knockin' Boots,Luke Bryan,2019-05-11,Knockin' Boots Luke Bryan
1283,84,,One Number Away,Luke Combs,2018-03-31,One Number Away Luke Combs
1957,58,,Beautiful Crazy,Luke Combs,2018-05-19,Beautiful Crazy Luke Combs
2380,81,,Must've Never Met You,Luke Combs,2018-06-16,Must've Never Met You Luke Combs
3394,95,,She Got The Best Of Me,Luke Combs,2018-08-25,She Got The Best Of Me Luke Combs
7167,68,,Beer Never Broke My Heart,Luke Combs,2019-05-18,Beer Never Broke My Heart Luke Combs
7661,62,,Even Though I'm Leaving,Luke Combs,2019-06-22,Even Though I'm Leaving Luke Combs
7272,73,,Soltera,"Lunay, Daddy Yankee & Bad Bunny",2019-05-25,"Soltera Lunay, Daddy Yankee & Bad Bunny"
6596,97,,Don't Call Me Up,Mabel,2019-04-06,Don't Call Me Up Mabel
3732,33,,Self Care,Mac Miller,2018-09-22,Self Care Mac Miller
3769,70,,Hurt Feelings,Mac Miller,2018-09-22,Hurt Feelings Mac Miller
3790,91,,Come Back To Earth,Mac Miller,2018-09-22,Come Back To Earth Mac Miller
3712,13,,Rap Devil,Machine Gun Kelly,2018-09-22,Rap Devil Machine Gun Kelly
94,95,,Home,"Machine Gun Kelly, X Ambassadors & Bebe Rexha",2018-01-06,"Home Machine Gun Kelly, X Ambassadors & Bebe Rexha"
59,60,,Good Old Days,Macklemore Featuring Kesha,2018-01-06,Good Old Days Macklemore Featuring Kesha
7495,96,,HP,Maluma,2019-06-08,HP Maluma
191,92,,Corazon,Maluma X Nego do Borel,2018-01-13,Corazon Maluma X Nego do Borel
80,81,,I Could Use A Love Song,Maren Morris,2018-01-06,I Could Use A Love Song Maren Morris
3995,96,,Rich,Maren Morris,2018-10-06,Rich Maren Morris
5695,96,,GIRL,Maren Morris,2019-02-02,GIRL Maren Morris
12,13,,All I Want For Christmas Is You,Mariah Carey,2018-01-06,All I Want For Christmas Is You Mariah Carey
4966,67,,Nothing Breaks Like A Heart,Mark Ronson Featuring Miley Cyrus,2018-12-15,Nothing Breaks Like A Heart Mark Ronson Featuring Miley Cyrus
487,88,,Wait,Maroon 5,2018-02-03,Wait Maroon 5
2293,94,,Girls Like You,Maroon 5 Featuring Cardi B,2018-06-09,Girls Like You Maroon 5 Featuring Cardi B
20,21,,What Lovers Do,Maroon 5 Featuring SZA,2018-01-06,What Lovers Do Maroon 5 Featuring SZA
5827,28,,Alone,Marshmello,2019-02-16,Alone Marshmello
771,72,,Friends,Marshmello & Anne-Marie,2018-02-24,Friends Marshmello & Anne-Marie
3462,63,,Happier,Marshmello & Bastille,2018-09-01,Happier Marshmello & Bastille
7791,92,,Rescue Me,Marshmello Featuring A Day To Remember,2019-06-29,Rescue Me Marshmello Featuring A Day To Remember
6374,75,,Here With Me,Marshmello Featuring CHVRCHES,2019-03-23,Here With Me Marshmello Featuring CHVRCHES
43,44,,Silence,Marshmello Featuring Khalid,2018-01-06,Silence Marshmello Featuring Khalid
7089,90,,Light It Up,"Marshmello, Tyga & Chris Brown",2019-05-11,"Light It Up Marshmello, Tyga & Chris Brown"
2577,78,,Ocean,Martin Garrix Featuring Khalid,2018-06-30,Ocean Martin Garrix Featuring Khalid
1861,62,,Famous,Mason Ramsey,2018-05-12,Famous Mason Ramsey
53,54,,Lights Down Low,MAX Featuring gnash,2018-01-06,Lights Down Low MAX Featuring gnash
4954,55,,Intro,Meek Mill,2018-12-15,Intro Meek Mill
4956,57,,Respect The Game,Meek Mill,2018-12-15,Respect The Game Meek Mill
4960,61,,Trauma,Meek Mill,2018-12-15,Trauma Meek Mill
4969,70,,Championships,Meek Mill,2018-12-15,Championships Meek Mill
4972,73,,Almost Slipped,Meek Mill,2018-12-15,Almost Slipped Meek Mill
4984,85,,Oodles O' Noodles Babies,Meek Mill,2018-12-15,Oodles O' Noodles Babies Meek Mill
4977,78,,Pay You Back,Meek Mill Featuring 21 Savage,2018-12-15,Pay You Back Meek Mill Featuring 21 Savage
4929,30,,On Me,Meek Mill Featuring Cardi B,2018-12-15,On Me Meek Mill Featuring Cardi B
4905,6,,Going Bad,Meek Mill Featuring Drake,2018-12-15,Going Bad Meek Mill Featuring Drake
4953,54,,24/7,Meek Mill Featuring Ella Mai,2018-12-15,24/7 Meek Mill Featuring Ella Mai
4938,39,,Uptown Vibes,Meek Mill Featuring Fabolous & Anuel AA,2018-12-15,Uptown Vibes Meek Mill Featuring Fabolous & Anuel AA
4976,77,,Splash Warning,"Meek Mill Featuring Future, Roddy Ricch & Young Thug",2018-12-15,"Splash Warning Meek Mill Featuring Future, Roddy Ricch & Young Thug"
2878,79,,Dangerous,Meek Mill Featuring Jeremih & PnB Rock,2018-07-21,Dangerous Meek Mill Featuring Jeremih & PnB Rock
4971,72,,Tic Tac Toe,Meek Mill Featuring Kodak Black,2018-12-15,Tic Tac Toe Meek Mill Featuring Kodak Black
4919,20,,What's Free,Meek Mill Featuring Rick Ross & JAY-Z,2018-12-15,What's Free Meek Mill Featuring Rick Ross & JAY-Z
2872,73,,Millidelphia,Meek Mill Featuring Swizz Beatz,2018-07-21,Millidelphia Meek Mill Featuring Swizz Beatz
6798,99,,Big Ole Freak,Megan Thee Stallion,2019-04-20,Big Ole Freak Megan Thee Stallion
1045,46,,No Excuses,Meghan Trainor,2018-03-17,No Excuses Meghan Trainor
4537,38,,Don't Come Out The House,Metro Boomin Featuring 21 Savage,2018-11-17,Don't Come Out The House Metro Boomin Featuring 21 Savage
4541,42,,10 Freaky Girls,Metro Boomin Featuring 21 Savage,2018-11-17,10 Freaky Girls Metro Boomin Featuring 21 Savage
4550,51,,Space Cadet,Metro Boomin Featuring Gunna,2018-11-17,Space Cadet Metro Boomin Featuring Gunna
4571,72,,Dreamcatcher,Metro Boomin Featuring Swae Lee & Travis Scott,2018-11-17,Dreamcatcher Metro Boomin Featuring Swae Lee & Travis Scott
4561,62,,Overdue,Metro Boomin Featuring Travis Scott,2018-11-17,Overdue Metro Boomin Featuring Travis Scott
4599,100,,Up To Something,Metro Boomin Featuring Travis Scott & Young Thug,2018-11-17,Up To Something Metro Boomin Featuring Travis Scott & Young Thug
4578,79,,No More,"Metro Boomin Featuring Travis Scott, Kodak Black & 21 Savage",2018-11-17,"No More Metro Boomin Featuring Travis Scott, Kodak Black & 21 Savage"
4430,31,,Thriller,Michael Jackson,2018-11-10,Thriller Michael Jackson
6099,100,,One That Got Away,Michael Ray,2019-03-02,One That Got Away Michael Ray
5391,92,,Burn Out,Midland,2019-01-12,Burn Out Midland
93,94,,Stir Fry,Migos,2018-01-06,Stir Fry Migos
535,36,,Narcos,Migos,2018-02-10,Narcos Migos
552,53,,Supastars,Migos,2018-02-10,Supastars Migos
572,73,,Gang Gang,Migos,2018-02-10,Gang Gang Migos
582,83,,Higher We Go (Intro),Migos,2018-02-10,Higher We Go (Intro) Migos
584,85,,Auto Pilot,Migos,2018-02-10,Auto Pilot Migos
586,87,,Emoji A Chain,Migos,2018-02-10,Emoji A Chain Migos
547,48,,BBO (Bad Bitches Only),Migos Featuring 21 Savage,2018-02-10,BBO (Bad Bitches Only) Migos Featuring 21 Savage
517,18,,Walk It Talk It,Migos Featuring Drake,2018-02-10,Walk It Talk It Migos Featuring Drake
595,96,,CC,Migos Featuring Gucci Mane,2018-02-10,CC Migos Featuring Gucci Mane
551,52,,Notice Me,Migos Featuring Post Malone,2018-02-10,Notice Me Migos Featuring Post Malone
563,64,,White Sand,"Migos Featuring Travis Scott, Ty Dolla $ign & Big Sean",2018-02-10,"White Sand Migos Featuring Travis Scott, Ty Dolla $ign & Big Sean"
6,7,o,MotorSport,"Migos, Nicki Minaj & Cardi B",2018-01-06,"MotorSport Migos, Nicki Minaj & Cardi B"
40,41,,Sky Walker,Miguel Featuring Travis Scott,2018-01-06,Sky Walker Miguel Featuring Travis Scott
7553,54,,Mother's Daughter,Miley Cyrus,2019-06-15,Mother's Daughter Miley Cyrus
3199,100,,Drunk Me,Mitchell Tenpenny,2018-08-11,Drunk Me Mitchell Tenpenny
2775,76,,Kiss Somebody,Morgan Evans,2018-07-14,Kiss Somebody Morgan Evans
6284,85,,Whiskey Glasses,Morgan Wallen,2019-03-16,Whiskey Glasses Morgan Wallen
1385,86,,Up Down,Morgan Wallen Featuring Florida Georgia Line,2018-04-07,Up Down Morgan Wallen Featuring Florida Georgia Line
5680,81,,Pure Water,Mustard & Migos,2019-02-02,Pure Water Mustard & Migos
48,49,,Lemon,N*E*R*D & Rihanna,2018-01-06,Lemon N*E*R*D & Rihanna
2595,96,,Cop Shot The Kid,Nas Featuring Kanye West,2018-06-30,Cop Shot The Kid Nas Featuring Kanye West
41,42,,The Christmas Song (Merry Christmas To You),Nat King Cole,2018-01-06,The Christmas Song (Merry Christmas To You) Nat King Cole
694,95,,Criminal,Natti Natasha x Ozuna,2018-02-17,Criminal Natti Natasha x Ozuna
196,97,,Wanted You,NAV Featuring Lil Uzi Vert,2018-01-13,Wanted You NAV Featuring Lil Uzi Vert
6588,89,,Tap,NAV Featuring Meek Mill,2019-04-06,Tap NAV Featuring Meek Mill
6571,72,,Price On My Head,NAV Featuring The Weeknd,2019-04-06,Price On My Head NAV Featuring The Weeknd
2185,86,,Champion,NAV Featuring Travis Scott,2018-06-02,Champion NAV Featuring Travis Scott
16,17,,Let You Down,NF,2018-01-06,Let You Down NF
481,82,,No Name,NF,2018-02-03,No Name NF
3096,97,,Lie,NF,2018-08-04,Lie NF
7569,70,,The Search,NF,2019-06-15,The Search NF
97,98,,Too Much To Ask,Niall Horan,2018-01-06,Too Much To Ask Niall Horan
1582,83,,Barbie Tingz,Nicki Minaj,2018-04-21,Barbie Tingz Nicki Minaj
1591,92,,Chun-Li,Nicki Minaj,2018-04-21,Chun-Li Nicki Minaj
3317,18,,Barbie Dreams,Nicki Minaj,2018-08-25,Barbie Dreams Nicki Minaj
3359,60,,Ganja Burns,Nicki Minaj,2018-08-25,Ganja Burns Nicki Minaj
2542,43,,Bed,Nicki Minaj Featuring Ariana Grande,2018-06-30,Bed Nicki Minaj Featuring Ariana Grande
3357,58,,Majesty,Nicki Minaj Featuring Eminem & Labrinth,2018-08-25,Majesty Nicki Minaj Featuring Eminem & Labrinth
2487,88,,Rich Sex,Nicki Minaj Featuring Lil Wayne,2018-06-23,Rich Sex Nicki Minaj Featuring Lil Wayne
4959,60,,Good Form,Nicki Minaj Featuring Lil Wayne,2018-12-15,Good Form Nicki Minaj Featuring Lil Wayne
3397,98,,Thought I Knew You,Nicki Minaj Featuring The Weeknd,2018-08-25,Thought I Knew You Nicki Minaj Featuring The Weeknd
1079,80,,X,Nicky Jam x J Balvin,2018-03-17,X Nicky Jam x J Balvin
7294,95,,Te Robare,Nicky Jam X Ozuna,2019-05-25,Te Robare Nicky Jam X Ozuna
6664,65,,Double Up,Nipsey Hussle Featuring Belly & DOM KENNEDY,2019-04-13,Double Up Nipsey Hussle Featuring Belly & DOM KENNEDY
6692,93,,Dedication,Nipsey Hussle Featuring Kendrick Lamar,2019-04-13,Dedication Nipsey Hussle Featuring Kendrick Lamar
6643,44,,Racks In The Middle,Nipsey Hussle Featuring Roddy Ricch & Hit-Boy,2019-04-13,Racks In The Middle Nipsey Hussle Featuring Roddy Ricch & Hit-Boy
6799,100,,Victory Lap,Nipsey Hussle Featuring Stacy Barthe,2019-04-20,Victory Lap Nipsey Hussle Featuring Stacy Barthe
6681,82,,Last Time That I Checc'd,Nipsey Hussle Featuring YG,2019-04-13,Last Time That I Checc'd Nipsey Hussle Featuring YG
6995,96,,Shotta Flow,NLE Choppa,2019-05-04,Shotta Flow NLE Choppa
6048,49,,Red Room,Offset,2019-03-02,Red Room Offset
6185,86,,Lick,Offset,2019-03-09,Lick Offset
52,53,,Ric Flair Drip,Offset & Metro Boomin,2018-01-06,Ric Flair Drip Offset & Metro Boomin
6163,64,,Clout,Offset Featuring Cardi B,2019-03-09,Clout Offset Featuring Cardi B
6164,65,,How Did I Get Here,Offset Featuring J. Cole,2019-03-09,How Did I Get Here Offset Featuring J. Cole
6148,49,,Legacy,Offset Featuring Travis Scott & 21 Savage,2019-03-09,Legacy Offset Featuring Travis Scott & 21 Savage
85,86,,Written In The Sand,Old Dominion,2018-01-06,Written In The Sand Old Dominion
2792,93,,Hotel Key,Old Dominion,2018-07-14,Hotel Key Old Dominion
5397,98,,Make It Sweet,Old Dominion,2019-01-12,Make It Sweet Old Dominion
3571,72,,Unica,Ozuna,2018-09-08,Unica Ozuna
7691,92,,Amor Genuino,Ozuna,2019-06-22,Amor Genuino Ozuna
591,92,,El Farsante,Ozuna & Romeo Santos,2018-02-10,El Farsante Ozuna & Romeo Santos
51,52,,La Modelo,Ozuna x Cardi B,2018-01-06,La Modelo Ozuna x Cardi B
7068,69,,Baila Baila Baila,Ozuna x Daddy Yankee x J Balvin x Farruko x Anuel AA,2019-05-11,Baila Baila Baila Ozuna x Daddy Yankee x J Balvin x Farruko x Anuel AA
3793,94,,Vaina Loca,Ozuna x Manuel Turizo,2018-09-22,Vaina Loca Ozuna x Manuel Turizo
47,48,,What About Us,P!nk,2018-01-06,What About Us P!nk
294,95,,Beautiful Trauma,P!nk,2018-01-20,Beautiful Trauma P!nk
4489,90,,A Million Dreams,P!nk,2018-11-10,A Million Dreams P!nk
6153,54,,Walk Me Home,P!nk,2019-03-09,Walk Me Home P!nk
7095,96,,Love Me Anyway,P!nk Featuring Chris Stapleton,2019-05-11,Love Me Anyway P!nk Featuring Chris Stapleton
1359,60,,Say Amen (Saturday Night),Panic! At The Disco,2018-04-07,Say Amen (Saturday Night) Panic! At The Disco
2297,98,,High Hopes,Panic! At The Disco,2018-06-09,High Hopes Panic! At The Disco
6895,96,,"Hey Look Ma, I Made It",Panic! At The Disco,2019-04-27,"Hey Look Ma, I Made It Panic! At The Disco"
3991,92,,Backin' It Up,Pardison Fontaine Featuring Cardi B,2018-10-06,Backin' It Up Pardison Fontaine Featuring Cardi B
5146,47,,Wonderful Christmastime,Paul McCartney,2018-12-29,Wonderful Christmastime Paul McCartney
6391,92,,Calma,Pedro Capo X Farruko,2019-03-23,Calma Pedro Capo X Farruko
5140,41,,(There's No Place Like) Home For The Holidays,Perry Como,2018-12-29,(There's No Place Like) Home For The Holidays Perry Como
5141,42,,It's Beginning To Look A Lot Like Christmas,Perry Como And The Fontane Sisters With Mitchell Ayres And His Orchestra,2018-12-29,It's Beginning To Look A Lot Like Christmas Perry Como And The Fontane Sisters With Mitchell Ayres And His Orchestra
2182,83,,Sangria Wine,Pharrell Williams x Camila Cabello,2018-06-02,Sangria Wine Pharrell Williams x Camila Cabello
5331,32,,Baby Shark,Pinkfong,2019-01-12,Baby Shark Pinkfong
1780,81,,Dame Tu Cosita,Pitbull x El Chombo x Karol G Featuring Cutty Ranks,2018-05-05,Dame Tu Cosita Pitbull x El Chombo x Karol G Featuring Cutty Ranks
2045,46,,Shoota,Playboi Carti Featuring Lil Uzi Vert,2018-05-26,Shoota Playboi Carti Featuring Lil Uzi Vert
498,99,,Rock,Plies,2018-02-03,Rock Plies
7190,91,,Middle Child,PnB Rock & XXXTENTACION,2019-05-18,Middle Child PnB Rock & XXXTENTACION
6594,95,,Pop Out,Polo G Featuring Lil Tjay,2019-04-06,Pop Out Polo G Featuring Lil Tjay
22,23,,Feel It Still,Portugal. The Man,2018-01-06,Feel It Still Portugal. The Man
15,16,,I Fall Apart,Post Malone,2018-01-06,I Fall Apart Post Malone
49,50,,Candy Paint,Post Malone,2018-01-06,Candy Paint Post Malone
1806,7,,Better Now,Post Malone,2018-05-12,Better Now Post Malone
1810,11,,Paranoid,Post Malone,2018-05-12,Paranoid Post Malone
1813,14,,Rich & Sad,Post Malone,2018-05-12,Rich & Sad Post Malone
1816,17,,Stay,Post Malone,2018-05-12,Stay Post Malone
1822,23,,Zack And Codeine,Post Malone,2018-05-12,Zack And Codeine Post Malone
1823,24,,Over Now,Post Malone,2018-05-12,Over Now Post Malone
1828,29,,Takin' Shots,Post Malone,2018-05-12,Takin' Shots Post Malone
1839,40,,92 Explorer,Post Malone,2018-05-12,92 Explorer Post Malone
1845,46,,Otherside,Post Malone,2018-05-12,Otherside Post Malone
1846,47,,Blame It On Me,Post Malone,2018-05-12,Blame It On Me Post Malone
1856,57,,Sugar Wraith,Post Malone,2018-05-12,Sugar Wraith Post Malone
1872,73,,Jonestown (Interlude),Post Malone,2018-05-12,Jonestown (Interlude) Post Malone
5246,47,,Wow.,Post Malone,2019-01-05,Wow. Post Malone
4308,9,,Sunflower (Spider-Man: Into The Spider-Verse),Post Malone & Swae Lee,2018-11-03,Sunflower (Spider-Man: Into The Spider-Verse) Post Malone & Swae Lee
1,2,O,Rockstar,Post Malone Featuring 21 Savage,2018-01-06,Rockstar Post Malone Featuring 21 Savage
1819,20,,Same Bitches,Post Malone Featuring G-Eazy & YG,2018-05-12,Same Bitches Post Malone Featuring G-Eazy & YG
1815,16,,Ball For Me,Post Malone Featuring Nicki Minaj,2018-05-12,Ball For Me Post Malone Featuring Nicki Minaj
1814,15,,Spoil My Night,Post Malone Featuring Swae Lee,2018-05-12,Spoil My Night Post Malone Featuring Swae Lee
901,2,,Psycho,Post Malone Featuring Ty Dolla $ign,2018-03-10,Psycho Post Malone Featuring Ty Dolla $ign
2264,65,,Infrared,Pusha T,2018-06-09,Infrared Pusha T
2272,73,,If You Know You Know,Pusha T,2018-06-09,If You Know You Know Pusha T
2299,100,,The Games We Play,Pusha T,2018-06-09,The Games We Play Pusha T
2274,75,,What Would Meek Do?,Pusha T Featuring Kanye West,2018-06-09,What Would Meek Do? Pusha T Featuring Kanye West
3371,72,,W O R K I N M E,Quavo,2018-08-25,W O R K I N M E Quavo
4285,86,,Biggest Alley Oop,Quavo,2018-10-27,Biggest Alley Oop Quavo
4292,93,,Huncho Dreams,Quavo,2018-10-27,Huncho Dreams Quavo
79,80,,Ice Tray,Quavo & Lil Yachty,2018-01-06,Ice Tray Quavo & Lil Yachty
4260,61,,Pass Out,Quavo Featuring 21 Savage,2018-10-27,Pass Out Quavo Featuring 21 Savage
4247,48,,Flip The Switch,Quavo Featuring Drake,2018-10-27,Flip The Switch Quavo Featuring Drake
4299,100,,Lose It,Quavo Featuring Lil Baby,2018-10-27,Lose It Quavo Featuring Lil Baby
4287,88,,Rerun,Quavo Featuring Travis Scott,2018-10-27,Rerun Quavo Featuring Travis Scott
4532,33,,Bohemian Rhapsody,Queen,2018-11-17,Bohemian Rhapsody Queen
1444,45,,Medicine,Queen Naija,2018-04-14,Medicine Queen Naija
2762,63,,Karma,Queen Naija,2018-07-14,Karma Queen Naija
1075,76,,Powerglide,Rae Sremmurd & Juicy J,2018-03-17,Powerglide Rae Sremmurd & Juicy J
1797,98,,Close,Rae Sremmurd & Travis Scott,2018-05-05,Close Rae Sremmurd & Travis Scott
2076,77,,Me Niego,Reik Featuring Ozuna & Wisin,2018-05-26,Me Niego Reik Featuring Ozuna & Wisin
761,62,,Plug Walk,Rich The Kid,2018-02-24,Plug Walk Rich The Kid
5598,99,,Splashin,Rich The Kid,2019-01-26,Splashin Rich The Kid
574,75,,New Freezer,Rich The Kid Featuring Kendrick Lamar,2018-02-10,New Freezer Rich The Kid Featuring Kendrick Lamar
6090,91,,There Was This Girl,Riley Green,2019-03-02,There Was This Girl Riley Green
7198,99,,Die Young,Roddy Ricch,2019-05-18,Die Young Roddy Ricch
61,62,,Yours,Russell Dickerson,2018-01-06,Yours Russell Dickerson
3476,77,,Blue Tacoma,Russell Dickerson,2018-09-01,Blue Tacoma Russell Dickerson
2197,98,,Downtown's Dead,Sam Hunt,2018-06-02,Downtown's Dead Sam Hunt
7,8,x,Too Good At Goodbyes,Sam Smith,2018-01-06,Too Good At Goodbyes Sam Smith
5532,33,,Dancing With A Stranger,Sam Smith & Normani,2019-01-26,Dancing With A Stranger Sam Smith & Normani
6454,55,,Numb Numb Juice,ScHoolboy Q,2019-03-30,Numb Numb Juice ScHoolboy Q
7084,85,,CHopstix,ScHoolboy Q + Travis Scott,2019-05-11,CHopstix ScHoolboy Q + Travis Scott
7066,67,,Floating,ScHoolboy Q Featuring 21 Savage,2019-05-11,Floating ScHoolboy Q Featuring 21 Savage
748,49,,X,"ScHoolboy Q, 2 Chainz & Saudi",2018-02-24,"X ScHoolboy Q, 2 Chainz & Saudi"
88,89,,Five More Minutes,Scotty McCreery,2018-01-06,Five More Minutes Scotty McCreery
5095,96,,This Is It,Scotty McCreery,2018-12-22,This Is It Scotty McCreery
7699,100,,Otro Trago,Sech Featuring Darell,2019-06-22,Otro Trago Sech Featuring Darell
2049,50,,Back To You,Selena Gomez,2018-05-26,Back To You Selena Gomez
28,29,,Wolves,Selena Gomez X Marshmello,2018-01-06,Wolves Selena Gomez X Marshmello
7598,99,,Trampoline,SHAED,2019-06-15,Trampoline SHAED
1271,72,,In My Blood,Shawn Mendes,2018-03-31,In My Blood Shawn Mendes
7101,2,,If I Can't Have You,Shawn Mendes,2019-05-18,If I Can't Have You Shawn Mendes
1964,65,,Youth,Shawn Mendes Featuring Khalid,2018-05-19,Youth Shawn Mendes Featuring Khalid
1363,64,,Lost In Japan,Shawn Mendes X Zedd,2018-04-07,Lost In Japan Shawn Mendes X Zedd
3581,82,,Mo Bamba,Sheck Wes,2018-09-08,Mo Bamba Sheck Wes
3795,96,,Electricity,Silk City x Dua Lipa,2018-09-22,Electricity Silk City x Dua Lipa
4980,81,,Foot Fungus,Ski Mask The Slump God,2018-12-15,Foot Fungus Ski Mask The Slump God
6199,100,,Faucet Failure,Ski Mask The Slump God,2019-03-09,Faucet Failure Ski Mask The Slump God
4962,63,,Nuketown,Ski Mask The Slump God Featuring Juice WRLD,2018-12-15,Nuketown Ski Mask The Slump God Featuring Juice WRLD
766,67,,Paramedic!,SOB X RBE,2018-02-24,Paramedic! SOB X RBE
199,100,,Best Friend,"Sofi Tukker Featuring NERVO, The Knocks & Alisa Ueno",2018-01-13,"Best Friend Sofi Tukker Featuring NERVO, The Knocks & Alisa Ueno"
4488,89,,Waste It On Me,Steve Aoki Featuring BTS,2018-11-10,Waste It On Me Steve Aoki Featuring BTS
1771,72,,Babe,Sugarland Featuring Taylor Swift,2018-05-05,Babe Sugarland Featuring Taylor Swift
6186,87,,Girls Need Love,Summer Walker X Drake,2019-03-09,Girls Need Love Summer Walker X Drake
1683,84,,Guatemala,Swae Lee Featuring Slim Jxmmi,2018-04-28,Guatemala Swae Lee Featuring Slim Jxmmi
32,33,,The Weekend,SZA,2018-01-06,The Weekend SZA
1099,100,,Broken Clocks,SZA,2018-03-17,Broken Clocks SZA
7091,92,,Power Is Power,"SZA, The Weeknd & Travis Scott",2019-05-11,"Power Is Power SZA, The Weeknd & Travis Scott"
4453,54,,Last Memory,TakeOff,2018-11-10,Last Memory TakeOff
4598,99,,Casper,TakeOff,2018-11-17,Casper TakeOff
195,96,,When We,Tank,2018-01-13,When We Tank
63,64,,The Race,Tay-K,2018-01-06,The Race Tay-K
60,61,,...Ready For It?,Taylor Swift,2018-01-06,...Ready For It? Taylor Swift
65,66,,Look What You Made Me Do,Taylor Swift,2018-01-06,Look What You Made Me Do Taylor Swift
1183,84,,Delicate,Taylor Swift,2018-03-24,Delicate Taylor Swift
7701,2,,You Need To Calm Down,Taylor Swift,2019-06-29,You Need To Calm Down Taylor Swift
6999,100,,ME!,Taylor Swift Featuring Brendon Urie,2019-05-04,ME! Taylor Swift Featuring Brendon Urie
39,40,,End Game,Taylor Swift Featuring Ed Sheeran & Future,2018-01-06,End Game Taylor Swift Featuring Ed Sheeran & Future
2512,13,,Apes**t,The Carters,2018-06-30,Apes**t The Carters
2576,77,,Boss,The Carters,2018-06-30,Boss The Carters
2583,84,,Summer,The Carters,2018-06-30,Summer The Carters
2594,95,,Nice,The Carters,2018-06-30,Nice The Carters
2598,99,,Friends,The Carters,2018-06-30,Friends The Carters
464,65,,Sick Boy,The Chainsmokers,2018-02-03,Sick Boy The Chainsmokers
1299,100,,Everybody Hates Me,The Chainsmokers,2018-03-31,Everybody Hates Me The Chainsmokers
7566,67,,Call You Mine,The Chainsmokers & Bebe Rexha,2019-06-15,Call You Mine The Chainsmokers & Bebe Rexha
5955,56,,Who Do You Love,The Chainsmokers Featuring 5 Seconds Of Summer,2019-02-23,Who Do You Love The Chainsmokers Featuring 5 Seconds Of Summer
3186,87,,Side Effects,The Chainsmokers Featuring Emily Warren,2018-08-11,Side Effects The Chainsmokers Featuring Emily Warren
3973,74,,This Feeling,The Chainsmokers Featuring Kelsea Ballerini,2018-10-06,This Feeling The Chainsmokers Featuring Kelsea Ballerini
5040,41,,Sleigh Ride,The Ronettes,2018-12-22,Sleigh Ride The Ronettes
1403,4,,Call Out My Name,The Weeknd,2018-04-14,Call Out My Name The Weeknd
1425,26,,Try Me,The Weeknd,2018-04-14,Try Me The Weeknd
1426,27,,Wasted Times,The Weeknd,2018-04-14,Wasted Times The Weeknd
1451,52,,Privilege,The Weeknd,2018-04-14,Privilege The Weeknd
606,7,,Pray For Me,The Weeknd & Kendrick Lamar,2018-02-17,Pray For Me The Weeknd & Kendrick Lamar
1434,35,,I Was Never There,The Weeknd Featuring Gesaffelstein,2018-04-14,I Was Never There The Weeknd Featuring Gesaffelstein
1442,43,,Hurt You,The Weeknd Featuring Gesaffelstein,2018-04-14,Hurt You The Weeknd Featuring Gesaffelstein
44,45,,Marry Me,Thomas Rhett,2018-01-06,Marry Me Thomas Rhett
2691,92,,Life Changes,Thomas Rhett,2018-07-07,Life Changes Thomas Rhett
4690,91,,Sixteen,Thomas Rhett,2018-11-24,Sixteen Thomas Rhett
6251,52,,Look What God Gave Her,Thomas Rhett,2019-03-16,Look What God Gave Her Thomas Rhett
2887,88,,Jackie Chan,Tiesto & Dzeko Featuring Preme & Post Malone,2018-07-21,Jackie Chan Tiesto & Dzeko Featuring Preme & Post Malone
2986,87,,Ocean,TK Kravitz Featuring Jacqueez,2018-07-28,Ocean TK Kravitz Featuring Jacqueez
4475,76,,Talk To Me,Tory Lanez & Rich The Kid,2018-11-10,Talk To Me Tory Lanez & Rich The Kid
3203,4,,Sicko Mode,Travis Scott,2018-08-18,Sicko Mode Travis Scott
3207,8,,Stargazing,Travis Scott,2018-08-18,Stargazing Travis Scott
3223,24,,Carousel,Travis Scott,2018-08-18,Carousel Travis Scott
3224,25,,Yosemite,Travis Scott,2018-08-18,Yosemite Travis Scott
3225,26,,R.I.P Screw,Travis Scott,2018-08-18,R.I.P Screw Travis Scott
3226,27,,Stop Trying To Be God,Travis Scott,2018-08-18,Stop Trying To Be God Travis Scott
3229,30,,Wake Up,Travis Scott,2018-08-18,Wake Up Travis Scott
3230,31,,No Bystanders,Travis Scott,2018-08-18,No Bystanders Travis Scott
3235,36,,5% Tint,Travis Scott,2018-08-18,5% Tint Travis Scott
3237,38,,Can't Say,Travis Scott,2018-08-18,Can't Say Travis Scott
3240,41,,NC-17,Travis Scott,2018-08-18,NC-17 Travis Scott
3242,43,,Who? What!,Travis Scott,2018-08-18,Who? What! Travis Scott
3246,47,,Skeletons,Travis Scott,2018-08-18,Skeletons Travis Scott
3247,48,,Astrothunder,Travis Scott,2018-08-18,Astrothunder Travis Scott
3249,50,,Butterfly Effect,Travis Scott,2018-08-18,Butterfly Effect Travis Scott
3252,53,,Houstonfornication,Travis Scott,2018-08-18,Houstonfornication Travis Scott
3267,68,,Coffee Bean,Travis Scott,2018-08-18,Coffee Bean Travis Scott
1915,16,,Watch,Travis Scott Featuring Lil Uzi Vert & Kanye West,2018-05-19,Watch Travis Scott Featuring Lil Uzi Vert & Kanye West
3345,46,,Taking A Walk,Trippie Redd,2018-08-25,Taking A Walk Trippie Redd
4479,80,,Topanga,Trippie Redd,2018-11-10,Topanga Trippie Redd
4672,73,,Love Scars 3,Trippie Redd,2018-11-24,Love Scars 3 Trippie Redd
4697,98,,Toxic Waste,Trippie Redd,2018-11-24,Toxic Waste Trippie Redd
7593,94,,Under Enemy Arms,Trippie Redd,2019-06-15,Under Enemy Arms Trippie Redd
4654,55,,1400 / 999 Freestyle,Trippie Redd Featuring Juice WRLD,2018-11-24,1400 / 999 Freestyle Trippie Redd Featuring Juice WRLD
4688,89,,Negative Energy,Trippie Redd Featuring Kodie Shane,2018-11-24,Negative Energy Trippie Redd Featuring Kodie Shane
981,82,,Dark Knight Dummo,Trippie Redd Featuring Travis Scott,2018-03-10,Dark Knight Dummo Trippie Redd Featuring Travis Scott
379,80,,My My My!,Troye Sivan,2018-01-27,My My My! Troye Sivan
2859,60,,Jumpsuit,twenty one pilots,2018-07-21,Jumpsuit twenty one pilots
2978,79,,Nico And The Niners,twenty one pilots,2018-07-28,Nico And The Niners twenty one pilots
4180,81,,My Blood,twenty one pilots,2018-10-20,My Blood twenty one pilots
4482,83,,Dip,Tyga & Nicki Minaj,2018-11-10,Dip Tyga & Nicki Minaj
2281,82,,Taste,Tyga Featuring Offset,2018-06-09,Taste Tyga Featuring Offset
1488,89,,OKRA,"Tyler, The Creator",2018-04-14,"OKRA Tyler, The Creator"
7312,13,,Earfquake,"Tyler, The Creator",2019-06-01,"Earfquake Tyler, The Creator"
7350,51,,I Think,"Tyler, The Creator",2019-06-01,"I Think Tyler, The Creator"
7364,65,,Running Out Of Time,"Tyler, The Creator",2019-06-01,"Running Out Of Time Tyler, The Creator"
7366,67,,Igor's Theme,"Tyler, The Creator",2019-06-01,"Igor's Theme Tyler, The Creator"
7369,70,,New Magic Wand,"Tyler, The Creator",2019-06-01,"New Magic Wand Tyler, The Creator"
7373,74,,A Boy Is A Gun,"Tyler, The Creator",2019-06-01,"A Boy Is A Gun Tyler, The Creator"
7384,85,,What's Good,"Tyler, The Creator",2019-06-01,"What's Good Tyler, The Creator"
7387,88,,Puppet,"Tyler, The Creator",2019-06-01,"Puppet Tyler, The Creator"
179,80,,One Foot,WALK THE MOON,2018-01-13,One Foot WALK THE MOON
78,79,,You Broke Up With Me,Walker Hayes,2018-01-06,You Broke Up With Me Walker Hayes
2388,89,,Africa,Weezer,2018-06-16,Africa Weezer
4842,43,,Last Christmas,Wham!,2018-12-08,Last Christmas Wham!
2972,73,,Fr Fr,Wiz Khalifa Featuring Lil Skies,2018-07-28,Fr Fr Wiz Khalifa Featuring Lil Skies
2971,72,,Hopeless Romantic,Wiz Khalifa Featuring Swae Lee,2018-07-28,Hopeless Romantic Wiz Khalifa Featuring Swae Lee
1016,17,,Sad!,XXXTENTACION,2018-03-17,Sad! XXXTENTACION
1046,47,,Changes,XXXTENTACION,2018-03-17,Changes XXXTENTACION
1234,35,,Moonlight,XXXTENTACION,2018-03-31,Moonlight XXXTENTACION
1266,67,,The Remedy For A Broken Heart (Why Am I So In Love),XXXTENTACION,2018-03-31,The Remedy For A Broken Heart (Why Am I So In Love) XXXTENTACION
1281,82,,Numb,XXXTENTACION,2018-03-31,Numb XXXTENTACION
1294,95,,Going Down!,XXXTENTACION,2018-03-31,Going Down! XXXTENTACION
2518,19,,Jocelyn Flores,XXXTENTACION,2018-06-30,Jocelyn Flores XXXTENTACION
2541,42,,Everybody Dies In Their Nightmares,XXXTENTACION,2018-06-30,Everybody Dies In Their Nightmares XXXTENTACION
2579,80,,Hope,XXXTENTACION,2018-06-30,Hope XXXTENTACION
4615,16,,BAD!,XXXTENTACION,2018-11-24,BAD! XXXTENTACION
5036,37,,whoa (mind in awe),XXXTENTACION,2018-12-22,whoa (mind in awe) XXXTENTACION
5047,48,,Guardian Angel,XXXTENTACION,2018-12-22,Guardian Angel XXXTENTACION
5050,51,,I Don't Let Go,XXXTENTACION,2018-12-22,I Don't Let Go XXXTENTACION
5063,64,,Train Food,XXXTENTACION,2018-12-22,Train Food XXXTENTACION
5064,65,,What Are You So Afraid Of,XXXTENTACION,2018-12-22,What Are You So Afraid Of XXXTENTACION
5067,68,,Staring At The Sky,XXXTENTACION,2018-12-22,Staring At The Sky XXXTENTACION
5083,84,,Difference (Interlude),XXXTENTACION,2018-12-22,Difference (Interlude) XXXTENTACION
5788,89,,Sauce!,XXXTENTACION,2019-02-09,Sauce! XXXTENTACION
1282,83,,Infinity (888),XXXTENTACION Featuring Joey Bada$$,2018-03-31,Infinity (888) XXXTENTACION Featuring Joey Bada$$
5061,62,,One Minute,XXXTENTACION Featuring Kanye West & Travis Barker,2018-12-22,One Minute XXXTENTACION Featuring Kanye West & Travis Barker
95,96,,F**k Love,XXXTENTACION Featuring Trippie Redd,2018-01-06,F**k Love XXXTENTACION Featuring Trippie Redd
4427,28,,Arms Around You,XXXTENTACION x Lil Pump Featuring Maluma & Swae Lee,2018-11-10,Arms Around You XXXTENTACION x Lil Pump Featuring Maluma & Swae Lee
58,59,,Rubbin Off The Paint,YBN Nahmir,2018-01-06,Rubbin Off The Paint YBN Nahmir
3191,92,,That's On Me,Yella Beezy,2018-08-11,That's On Me Yella Beezy
7493,94,,Bacc At It Again,"Yella Beezy, Gucci Mane & Quavo",2019-06-08,"Bacc At It Again Yella Beezy, Gucci Mane & Quavo"
7097,98,,Stop Snitching,YG,2019-05-11,Stop Snitching YG
2265,66,,Big Bank,"YG Featuring 2 Chainz, Big Sean & Nicki Minaj",2018-06-09,"Big Bank YG Featuring 2 Chainz, Big Sean & Nicki Minaj"
3198,99,,Handgun,YG Featuring A$AP Rocky,2018-08-11,Handgun YG Featuring A$AP Rocky
7170,71,,Go Loko,"YG, Tyga & Jon Z",2019-05-18,"Go Loko YG, Tyga & Jon Z"
6086,87,,Worth It,YK Osiris,2019-03-02,Worth It YK Osiris
5694,95,,Murder On My Mind,YNW Melly,2019-02-02,Murder On My Mind YNW Melly
5670,71,,Mixed Personalities,YNW Melly Featuring Kanye West,2019-02-02,Mixed Personalities YNW Melly Featuring Kanye West
99,100,,Juice,Yo Gotti,2018-01-06,Juice Yo Gotti
5764,65,,Put A Date On It,Yo Gotti Featuring Lil Baby,2019-02-09,Put A Date On It Yo Gotti Featuring Lil Baby
3477,78,,Chanel (Go Get It),Young Thug Featuring Gunna & Lil Baby,2018-09-01,Chanel (Go Get It) Young Thug Featuring Gunna & Lil Baby
1688,89,,Anybody,Young Thug Featuring Nicki Minaj,2018-04-28,Anybody Young Thug Featuring Nicki Minaj
7411,12,,The London,"Young Thug, J. Cole & Travis Scott",2019-06-08,"The London Young Thug, J. Cole & Travis Scott"
76,77,,No Smoke,YoungBoy Never Broke Again,2018-01-06,No Smoke YoungBoy Never Broke Again
370,71,,Outside Today,YoungBoy Never Broke Again,2018-01-27,Outside Today YoungBoy Never Broke Again
1558,59,,Diamond Teeth Samurai,YoungBoy Never Broke Again,2018-04-21,Diamond Teeth Samurai YoungBoy Never Broke Again
1876,77,,Overdose,YoungBoy Never Broke Again,2018-05-12,Overdose YoungBoy Never Broke Again
1997,98,,Preach,YoungBoy Never Broke Again,2018-05-19,Preach YoungBoy Never Broke Again
5486,87,,Valuable Pain,YoungBoy Never Broke Again,2019-01-19,Valuable Pain YoungBoy Never Broke Again
3568,69,,I Am Who They Say I Am,YoungBoy Never Broke Again Featuring Kevin Gates & Quando Rondo,2018-09-08,I Am Who They Say I Am YoungBoy Never Broke Again Featuring Kevin Gates & Quando Rondo
184,85,,Rewrite The Stars,Zac Efron & Zendaya,2018-01-13,Rewrite The Stars Zac Efron & Zendaya
5385,86,,Ruin My Life,Zara Larsson,2019-01-12,Ruin My Life Zara Larsson
1672,73,,Let Me,Zayn,2018-04-28,Let Me Zayn
98,99,,Dusk Till Dawn,Zayn Featuring Sia,2018-01-06,Dusk Till Dawn Zayn Featuring Sia
3589,90,,Happy Now,Zedd & Elley Duhe,2018-09-08,Happy Now Zedd & Elley Duhe
6085,86,,365,Zedd & Katy Perry,2019-03-02,365 Zedd & Katy Perry
522,23,,The Middle,"Zedd, Maren Morris & Grey",2018-02-10,"The Middle Zedd, Maren Morris & Grey"
